{
    "map": 0.0219313392492956,
    "P_5": 0.644,
    "P_10": 0.6099999999999999,
    "P_15": 0.5906666666666666,
    "P_20": 0.574
}