{
    "1": {
        "map": 0.011296724624266168,
        "P_5": 0.4,
        "P_10": 0.4,
        "P_15": 0.4,
        "P_20": 0.4,
        "P_30": 0.4666666666666667,
        "P_100": 0.14,
        "P_200": 0.07,
        "P_500": 0.028,
        "P_1000": 0.014
    },
    "2": {
        "map": 0.04426686052788232,
        "P_5": 0.6,
        "P_10": 0.6,
        "P_15": 0.6666666666666666,
        "P_20": 0.65,
        "P_30": 0.6666666666666666,
        "P_100": 0.2,
        "P_200": 0.1,
        "P_500": 0.04,
        "P_1000": 0.02
    },
    "3": {
        "map": 0.009153707123607524,
        "P_5": 0.2,
        "P_10": 0.3,
        "P_15": 0.4666666666666667,
        "P_20": 0.45,
        "P_30": 0.43333333333333335,
        "P_100": 0.13,
        "P_200": 0.065,
        "P_500": 0.026,
        "P_1000": 0.013
    },
    "4": {
        "map": 0.00038170713974116624,
        "P_5": 0.0,
        "P_10": 0.0,
        "P_15": 0.06666666666666667,
        "P_20": 0.1,
        "P_30": 0.06666666666666667,
        "P_100": 0.02,
        "P_200": 0.01,
        "P_500": 0.004,
        "P_1000": 0.002
    },
    "5": {
        "map": 0.010573592169683373,
        "P_5": 0.6,
        "P_10": 0.6,
        "P_15": 0.4666666666666667,
        "P_20": 0.4,
        "P_30": 0.3333333333333333,
        "P_100": 0.1,
        "P_200": 0.05,
        "P_500": 0.02,
        "P_1000": 0.01
    },
    "6": {
        "map": 0.002549404129010572,
        "P_5": 0.2,
        "P_10": 0.1,
        "P_15": 0.2,
        "P_20": 0.2,
        "P_30": 0.3,
        "P_100": 0.09,
        "P_200": 0.045,
        "P_500": 0.018,
        "P_1000": 0.009
    },
    "7": {
        "map": 0.02920168667900065,
        "P_5": 0.6,
        "P_10": 0.8,
        "P_15": 0.7333333333333333,
        "P_20": 0.65,
        "P_30": 0.6333333333333333,
        "P_100": 0.19,
        "P_200": 0.095,
        "P_500": 0.038,
        "P_1000": 0.019
    },
    "8": {
        "map": 0.014034214183489668,
        "P_5": 0.8,
        "P_10": 0.4,
        "P_15": 0.4,
        "P_20": 0.5,
        "P_30": 0.5,
        "P_100": 0.15,
        "P_200": 0.075,
        "P_500": 0.03,
        "P_1000": 0.015
    },
    "9": {
        "map": 0.023214112080758215,
        "P_5": 0.4,
        "P_10": 0.4,
        "P_15": 0.3333333333333333,
        "P_20": 0.35,
        "P_30": 0.36666666666666664,
        "P_100": 0.11,
        "P_200": 0.055,
        "P_500": 0.022,
        "P_1000": 0.011
    },
    "10": {
        "map": 0.039107224892564,
        "P_5": 1.0,
        "P_10": 0.8,
        "P_15": 0.7333333333333333,
        "P_20": 0.75,
        "P_30": 0.7333333333333333,
        "P_100": 0.22,
        "P_200": 0.11,
        "P_500": 0.044,
        "P_1000": 0.022
    },
    "11": {
        "map": 0.0034177728500446656,
        "P_5": 0.0,
        "P_10": 0.2,
        "P_15": 0.13333333333333333,
        "P_20": 0.15,
        "P_30": 0.23333333333333334,
        "P_100": 0.07,
        "P_200": 0.035,
        "P_500": 0.014,
        "P_1000": 0.007
    },
    "12": {
        "map": 0.002502817775374167,
        "P_5": 0.0,
        "P_10": 0.2,
        "P_15": 0.3333333333333333,
        "P_20": 0.3,
        "P_30": 0.2,
        "P_100": 0.06,
        "P_200": 0.03,
        "P_500": 0.012,
        "P_1000": 0.006
    },
    "13": {
        "map": 0.018552136261054425,
        "P_5": 0.8,
        "P_10": 0.7,
        "P_15": 0.6666666666666666,
        "P_20": 0.75,
        "P_30": 0.7,
        "P_100": 0.21,
        "P_200": 0.105,
        "P_500": 0.042,
        "P_1000": 0.021
    },
    "14": {
        "map": 0.061297465663345,
        "P_5": 0.6,
        "P_10": 0.8,
        "P_15": 0.7333333333333333,
        "P_20": 0.75,
        "P_30": 0.6666666666666666,
        "P_100": 0.2,
        "P_200": 0.1,
        "P_500": 0.04,
        "P_1000": 0.02
    },
    "15": {
        "map": 0.001182033096926714,
        "P_5": 0.2,
        "P_10": 0.1,
        "P_15": 0.06666666666666667,
        "P_20": 0.05,
        "P_30": 0.03333333333333333,
        "P_100": 0.01,
        "P_200": 0.005,
        "P_500": 0.002,
        "P_1000": 0.001
    },
    "16": {
        "map": 0.011546307629538965,
        "P_5": 0.4,
        "P_10": 0.5,
        "P_15": 0.3333333333333333,
        "P_20": 0.35,
        "P_30": 0.26666666666666666,
        "P_100": 0.08,
        "P_200": 0.04,
        "P_500": 0.016,
        "P_1000": 0.008
    },
    "17": {
        "map": 0.02200238519585121,
        "P_5": 1.0,
        "P_10": 0.9,
        "P_15": 0.8666666666666667,
        "P_20": 0.75,
        "P_30": 0.5666666666666667,
        "P_100": 0.17,
        "P_200": 0.085,
        "P_500": 0.034,
        "P_1000": 0.017
    },
    "18": {
        "map": 0.027444473145688847,
        "P_5": 0.8,
        "P_10": 0.6,
        "P_15": 0.7333333333333333,
        "P_20": 0.7,
        "P_30": 0.7666666666666667,
        "P_100": 0.23,
        "P_200": 0.115,
        "P_500": 0.046,
        "P_1000": 0.023
    },
    "19": {
        "map": 0.09345202029412557,
        "P_5": 0.8,
        "P_10": 0.6,
        "P_15": 0.6,
        "P_20": 0.6,
        "P_30": 0.4666666666666667,
        "P_100": 0.14,
        "P_200": 0.07,
        "P_500": 0.028,
        "P_1000": 0.014
    },
    "20": {
        "map": 0.034755630361353144,
        "P_5": 1.0,
        "P_10": 1.0,
        "P_15": 1.0,
        "P_20": 0.95,
        "P_30": 0.8333333333333334,
        "P_100": 0.25,
        "P_200": 0.125,
        "P_500": 0.05,
        "P_1000": 0.025
    },
    "21": {
        "map": 0.015445822680633846,
        "P_5": 0.8,
        "P_10": 0.6,
        "P_15": 0.6,
        "P_20": 0.5,
        "P_30": 0.4666666666666667,
        "P_100": 0.14,
        "P_200": 0.07,
        "P_500": 0.028,
        "P_1000": 0.014
    },
    "22": {
        "map": 0.05247320801070024,
        "P_5": 1.0,
        "P_10": 1.0,
        "P_15": 1.0,
        "P_20": 1.0,
        "P_30": 0.9666666666666667,
        "P_100": 0.29,
        "P_200": 0.145,
        "P_500": 0.058,
        "P_1000": 0.029
    },
    "23": {
        "map": 0.016635335314580595,
        "P_5": 0.8,
        "P_10": 0.6,
        "P_15": 0.4,
        "P_20": 0.35,
        "P_30": 0.3,
        "P_100": 0.09,
        "P_200": 0.045,
        "P_500": 0.018,
        "P_1000": 0.009
    },
    "24": {
        "map": 0.04529291801061401,
        "P_5": 0.8,
        "P_10": 0.9,
        "P_15": 0.9333333333333333,
        "P_20": 0.8,
        "P_30": 0.7,
        "P_100": 0.21,
        "P_200": 0.105,
        "P_500": 0.042,
        "P_1000": 0.021
    },
    "25": {
        "map": 0.012597933534776326,
        "P_5": 1.0,
        "P_10": 0.5,
        "P_15": 0.3333333333333333,
        "P_20": 0.35,
        "P_30": 0.3333333333333333,
        "P_100": 0.1,
        "P_200": 0.05,
        "P_500": 0.02,
        "P_1000": 0.01
    },
    "26": {
        "map": 0.011467042415816777,
        "P_5": 0.8,
        "P_10": 0.5,
        "P_15": 0.4666666666666667,
        "P_20": 0.5,
        "P_30": 0.4666666666666667,
        "P_100": 0.14,
        "P_200": 0.07,
        "P_500": 0.028,
        "P_1000": 0.014
    },
    "27": {
        "map": 0.0032445397247978297,
        "P_5": 0.0,
        "P_10": 0.3,
        "P_15": 0.3333333333333333,
        "P_20": 0.3,
        "P_30": 0.3,
        "P_100": 0.09,
        "P_200": 0.045,
        "P_500": 0.018,
        "P_1000": 0.009
    },
    "28": {
        "map": 0.03659531255011886,
        "P_5": 1.0,
        "P_10": 0.7,
        "P_15": 0.8,
        "P_20": 0.85,
        "P_30": 0.8,
        "P_100": 0.24,
        "P_200": 0.12,
        "P_500": 0.048,
        "P_1000": 0.024
    },
    "29": {
        "map": 0.032666390317821654,
        "P_5": 1.0,
        "P_10": 0.9,
        "P_15": 0.7333333333333333,
        "P_20": 0.75,
        "P_30": 0.7666666666666667,
        "P_100": 0.23,
        "P_200": 0.115,
        "P_500": 0.046,
        "P_1000": 0.023
    },