{
    "1": {
        "map": 0.0070604393675727465,
        "P_5": 0.4,
        "P_10": 0.4,
        "P_15": 0.4,
        "P_20": 0.4,
        "P_30": 0.26666666666666666,
        "P_100": 0.08,
        "P_200": 0.04,
        "P_500": 0.016,
        "P_1000": 0.008
    },
    "2": {
        "map": 0.029785714264919962,
        "P_5": 0.6,
        "P_10": 0.6,
        "P_15": 0.6666666666666666,
        "P_20": 0.65,
        "P_30": 0.43333333333333335,
        "P_100": 0.13,
        "P_200": 0.065,
        "P_500": 0.026,
        "P_1000": 0.013
    },
    "3": {
        "map": 0.006190200457716381,
        "P_5": 0.2,
        "P_10": 0.3,
        "P_15": 0.4666666666666667,
        "P_20": 0.45,
        "P_30": 0.3,
        "P_100": 0.09,
        "P_200": 0.045,
        "P_500": 0.018,
        "P_1000": 0.009
    },
    "4": {
        "map": 0.00038170713974116624,
        "P_5": 0.0,
        "P_10": 0.0,
        "P_15": 0.06666666666666667,
        "P_20": 0.1,
        "P_30": 0.06666666666666667,
        "P_100": 0.02,
        "P_200": 0.01,
        "P_500": 0.004,
        "P_1000": 0.002
    },
    "5": {
        "map": 0.009428157799493304,
        "P_5": 0.6,
        "P_10": 0.6,
        "P_15": 0.4666666666666667,
        "P_20": 0.4,
        "P_30": 0.26666666666666666,
        "P_100": 0.08,
        "P_200": 0.04,
        "P_500": 0.016,
        "P_1000": 0.008
    },
    "6": {
        "map": 0.001098901098901099,
        "P_5": 0.2,
        "P_10": 0.1,
        "P_15": 0.2,
        "P_20": 0.2,
        "P_30": 0.13333333333333333,
        "P_100": 0.04,
        "P_200": 0.02,
        "P_500": 0.008,
        "P_1000": 0.004
    },
    "7": {
        "map": 0.0209913446755552,
        "P_5": 0.6,
        "P_10": 0.8,
        "P_15": 0.7333333333333333,
        "P_20": 0.65,
        "P_30": 0.43333333333333335,
        "P_100": 0.13,
        "P_200": 0.065,
        "P_500": 0.026,
        "P_1000": 0.013
    },
    "8": {
        "map": 0.010146790367268382,
        "P_5": 0.8,
        "P_10": 0.4,
        "P_15": 0.4,
        "P_20": 0.5,
        "P_30": 0.3333333333333333,
        "P_100": 0.1,
        "P_200": 0.05,
        "P_500": 0.02,
        "P_1000": 0.01
    },
    "9": {
        "map": 0.015639100317264776,
        "P_5": 0.4,
        "P_10": 0.4,
        "P_15": 0.3333333333333333,
        "P_20": 0.35,
        "P_30": 0.23333333333333334,
        "P_100": 0.07,
        "P_200": 0.035,
        "P_500": 0.014,
        "P_1000": 0.007
    },
    "10": {
        "map": 0.027930117535136273,
        "P_5": 1.0,
        "P_10": 0.8,
        "P_15": 0.7333333333333333,
        "P_20": 0.75,
        "P_30": 0.5,
        "P_100": 0.15,
        "P_200": 0.075,
        "P_500": 0.03,
        "P_1000": 0.015
    },
    "11": {
        "map": 0.0014916810097532988,
        "P_5": 0.0,
        "P_10": 0.2,
        "P_15": 0.13333333333333333,
        "P_20": 0.15,
        "P_30": 0.1,
        "P_100": 0.03,
        "P_200": 0.015,
        "P_500": 0.006,
        "P_1000": 0.003
    },
    "12": {
        "map": 0.002502817775374167,
        "P_5": 0.0,
        "P_10": 0.2,
        "P_15": 0.3333333333333333,
        "P_20": 0.3,
        "P_30": 0.2,
        "P_100": 0.06,
        "P_200": 0.03,
        "P_500": 0.012,
        "P_1000": 0.006
    },
    "13": {
        "map": 0.013468038067784172,
        "P_5": 0.8,
        "P_10": 0.7,
        "P_15": 0.6666666666666666,
        "P_20": 0.75,
        "P_30": 0.5,
        "P_100": 0.15,
        "P_200": 0.075,
        "P_500": 0.03,
        "P_1000": 0.015
    },
    "14": {
        "map": 0.04712554778298722,
        "P_5": 0.6,
        "P_10": 0.8,
        "P_15": 0.7333333333333333,
        "P_20": 0.75,
        "P_30": 0.5,
        "P_100": 0.15,
        "P_200": 0.075,
        "P_500": 0.03,
        "P_1000": 0.015
    },
    "15": {
        "map": 0.001182033096926714,
        "P_5": 0.2,
        "P_10": 0.1,
        "P_15": 0.06666666666666667,
        "P_20": 0.05,
        "P_30": 0.03333333333333333,
        "P_100": 0.01,
        "P_200": 0.005,
        "P_500": 0.002,
        "P_1000": 0.001
    },
    "16": {
        "map": 0.010857246475361532,
        "P_5": 0.4,
        "P_10": 0.5,
        "P_15": 0.3333333333333333,
        "P_20": 0.35,
        "P_30": 0.23333333333333334,
        "P_100": 0.07,
        "P_200": 0.035,
        "P_500": 0.014,
        "P_1000": 0.007
    },
    "17": {
        "map": 0.02020637404355263,
        "P_5": 1.0,
        "P_10": 0.9,
        "P_15": 0.8666666666666667,
        "P_20": 0.75,
        "P_30": 0.5,
        "P_100": 0.15,
        "P_200": 0.075,
        "P_500": 0.03,
        "P_1000": 0.015
    },
    "18": {
        "map": 0.016958695200841874,
        "P_5": 0.8,
        "P_10": 0.6,
        "P_15": 0.7333333333333333,
        "P_20": 0.7,
        "P_30": 0.4666666666666667,
        "P_100": 0.14,
        "P_200": 0.07,
        "P_500": 0.028,
        "P_1000": 0.014
    },
    "19": {
        "map": 0.08282996967207495,
        "P_5": 0.8,
        "P_10": 0.6,
        "P_15": 0.6,
        "P_20": 0.6,
        "P_30": 0.4,
        "P_100": 0.12,
        "P_200": 0.06,
        "P_500": 0.024,
        "P_1000": 0.012
    },
    "20": {
        "map": 0.026994301994301993,
        "P_5": 1.0,
        "P_10": 1.0,
        "P_15": 1.0,
        "P_20": 0.95,
        "P_30": 0.6333333333333333,
        "P_100": 0.19,
        "P_200": 0.095,
        "P_500": 0.038,
        "P_1000": 0.019
    },
    "21": {
        "map": 0.012292539911587531,
        "P_5": 0.8,
        "P_10": 0.6,
        "P_15": 0.6,
        "P_20": 0.5,
        "P_30": 0.3333333333333333,
        "P_100": 0.1,
        "P_200": 0.05,
        "P_500": 0.02,
        "P_1000": 0.01
    },
    "22": {
        "map": 0.03663003663003663,
        "P_5": 1.0,
        "P_10": 1.0,
        "P_15": 1.0,
        "P_20": 1.0,
        "P_30": 0.6666666666666666,
        "P_100": 0.2,
        "P_200": 0.1,
        "P_500": 0.04,
        "P_1000": 0.02
    },
    "23": {
        "map": 0.014839772386942196,
        "P_5": 0.8,
        "P_10": 0.6,
        "P_15": 0.4,
        "P_20": 0.35,
        "P_30": 0.23333333333333334,
        "P_100": 0.07,
        "P_200": 0.035,
        "P_500": 0.014,
        "P_1000": 0.007
    },
    "24": {
        "map": 0.03574391815989002,
        "P_5": 0.8,
        "P_10": 0.9,
        "P_15": 0.9333333333333333,
        "P_20": 0.8,
        "P_30": 0.5333333333333333,
        "P_100": 0.16,
        "P_200": 0.08,
        "P_500": 0.032,
        "P_1000": 0.016
    },
    "25": {
        "map": 0.010778363678572612,
        "P_5": 1.0,
        "P_10": 0.5,
        "P_15": 0.3333333333333333,
        "P_20": 0.35,
        "P_30": 0.23333333333333334,
        "P_100": 0.07,
        "P_200": 0.035,
        "P_500": 0.014,
        "P_1000": 0.007
    },
    "26": {
        "map": 0.009013040808467678,
        "P_5": 0.8,
        "P_10": 0.5,
        "P_15": 0.4666666666666667,
        "P_20": 0.5,
        "P_30": 0.3333333333333333,
        "P_100": 0.1,
        "P_200": 0.05,
        "P_500": 0.02,
        "P_1000": 0.01
    },
    "27": {
        "map": 0.0020857234638153367,
        "P_5": 0.0,
        "P_10": 0.3,
        "P_15": 0.3333333333333333,
        "P_20": 0.3,
        "P_30": 0.2,
        "P_100": 0.06,
        "P_200": 0.03,
        "P_500": 0.012,
        "P_1000": 0.006
    },
    "28": {
        "map": 0.02621358582663107,
        "P_5": 1.0,
        "P_10": 0.7,
        "P_15": 0.8,
        "P_20": 0.85,
        "P_30": 0.5666666666666667,
        "P_100": 0.17,
        "P_200": 0.085,
        "P_500": 0.034,
        "P_1000": 0.017
    },
    "29": {
        "map": 0.02244018132829565,
        "P_5": 1.0,
        "P_10": 0.9,
        "P_15": 0.7333333333333333,
        "P_20": 0.75,
        "P_30": 0.5,
        "P_100": 0.15,
        "P_200": 0.075,
        "P_500": 0.03,
        "P_1000": 0.015
    },