{
    "map": 0.040929728681477984,
    "P_5": 0.6520000000000001,
    "P_10": 0.5999999999999999,
    "P_15": 0.5746666666666667,
    "P_20": 0.5559999999999998
}