{
    "map": 0.021517297872021928,
    "P_5": 0.6520000000000001,
    "P_10": 0.5999999999999999,
    "P_15": 0.5746666666666667,
    "P_20": 0.5549999999999999
}