{
    "map": 0.0062014882642485196,
    "P_5": 0.24,
    "P_10": 0.22199999999999995,
    "P_15": 0.21599999999999997,
    "P_20": 0.22299999999999998
}