{
    "map": 0.008952642175484558,
    "P_5": 0.252,
    "P_10": 0.22399999999999995,
    "P_15": 0.22399999999999998,
    "P_20": 0.229
}