{
    "map": 0.006544923150226767,
    "P_5": 0.252,
    "P_10": 0.22399999999999995,
    "P_15": 0.22399999999999998,
    "P_20": 0.229
}