{
    "1": {
        "map": 0.002691186364655752,
        "P_5": 0.4,
        "P_10": 0.2,
        "P_15": 0.2,
        "P_20": 0.15,
        "P_30": 0.1,
        "P_100": 0.03,
        "P_200": 0.015,
        "P_500": 0.006,
        "P_1000": 0.003
    },
    "2": {
        "map": 0.017692852087756547,
        "P_5": 0.8,
        "P_10": 0.5,
        "P_15": 0.4666666666666667,
        "P_20": 0.35,
        "P_30": 0.23333333333333334,
        "P_100": 0.07,
        "P_200": 0.035,
        "P_500": 0.014,
        "P_1000": 0.007
    },
    "3": {
        "map": 0.0005974885611453615,
        "P_5": 0.0,
        "P_10": 0.0,
        "P_15": 0.06666666666666667,
        "P_20": 0.15,
        "P_30": 0.1,
        "P_100": 0.03,
        "P_200": 0.015,
        "P_500": 0.006,
        "P_1000": 0.003
    },
    "4": {
        "map": 9.949258780220872e-05,
        "P_5": 0.0,
        "P_10": 0.0,
        "P_15": 0.0,
        "P_20": 0.05,
        "P_30": 0.03333333333333333,
        "P_100": 0.01,
        "P_200": 0.005,
        "P_500": 0.002,
        "P_1000": 0.001
    },
    "5": {
        "map": 0.0,
        "P_5": 0.0,
        "P_10": 0.0,
        "P_15": 0.0,
        "P_20": 0.0,
        "P_30": 0.0,
        "P_100": 0.0,
        "P_200": 0.0,
        "P_500": 0.0,
        "P_1000": 0.0
    },
    "6": {
        "map": 0.0,
        "P_5": 0.0,
        "P_10": 0.0,
        "P_15": 0.0,
        "P_20": 0.0,
        "P_30": 0.0,
        "P_100": 0.0,
        "P_200": 0.0,
        "P_500": 0.0,
        "P_1000": 0.0
    },
    "7": {
        "map": 0.0013135513135513136,
        "P_5": 0.2,
        "P_10": 0.1,
        "P_15": 0.2,
        "P_20": 0.15,
        "P_30": 0.1,
        "P_100": 0.03,
        "P_200": 0.015,
        "P_500": 0.006,
        "P_1000": 0.003
    },
    "8": {
        "map": 0.0015268311154387104,
        "P_5": 0.0,
        "P_10": 0.0,
        "P_15": 0.2,
        "P_20": 0.25,
        "P_30": 0.16666666666666666,
        "P_100": 0.05,
        "P_200": 0.025,
        "P_500": 0.01,
        "P_1000": 0.005
    },
    "9": {
        "map": 0.0,
        "P_5": 0.0,
        "P_10": 0.0,
        "P_15": 0.0,
        "P_20": 0.0,
        "P_30": 0.0,
        "P_100": 0.0,
        "P_200": 0.0,
        "P_500": 0.0,
        "P_1000": 0.0
    },
    "10": {
        "map": 0.006699068244774615,
        "P_5": 0.4,
        "P_10": 0.3,
        "P_15": 0.3333333333333333,
        "P_20": 0.4,
        "P_30": 0.26666666666666666,
        "P_100": 0.08,
        "P_200": 0.04,
        "P_500": 0.016,
        "P_1000": 0.008
    },
    "11": {
        "map": 0.0,
        "P_5": 0.0,
        "P_10": 0.0,
        "P_15": 0.0,
        "P_20": 0.0,
        "P_30": 0.0,
        "P_100": 0.0,
        "P_200": 0.0,
        "P_500": 0.0,
        "P_1000": 0.0
    },
    "12": {
        "map": 0.0,
        "P_5": 0.0,
        "P_10": 0.0,
        "P_15": 0.0,
        "P_20": 0.0,
        "P_30": 0.0,
        "P_100": 0.0,
        "P_200": 0.0,
        "P_500": 0.0,
        "P_1000": 0.0
    },
    "13": {
        "map": 0.0007676867538459232,
        "P_5": 0.0,
        "P_10": 0.2,
        "P_15": 0.2,
        "P_20": 0.15,
        "P_30": 0.1,
        "P_100": 0.03,
        "P_200": 0.015,
        "P_500": 0.006,
        "P_1000": 0.003
    },
    "14": {
        "map": 0.04017713338146774,
        "P_5": 0.8,
        "P_10": 0.8,
        "P_15": 0.7333333333333333,
        "P_20": 0.65,
        "P_30": 0.43333333333333335,
        "P_100": 0.13,
        "P_200": 0.065,
        "P_500": 0.026,
        "P_1000": 0.013
    },
    "15": {
        "map": 0.0,
        "P_5": 0.0,
        "P_10": 0.0,
        "P_15": 0.0,
        "P_20": 0.0,
        "P_30": 0.0,
        "P_100": 0.0,
        "P_200": 0.0,
        "P_500": 0.0,
        "P_1000": 0.0
    },
    "16": {
        "map": 0.0,
        "P_5": 0.0,
        "P_10": 0.0,
        "P_15": 0.0,
        "P_20": 0.0,
        "P_30": 0.0,
        "P_100": 0.0,
        "P_200": 0.0,
        "P_500": 0.0,
        "P_1000": 0.0
    },
    "17": {
        "map": 0.000249500998003992,
        "P_5": 0.0,
        "P_10": 0.1,
        "P_15": 0.06666666666666667,
        "P_20": 0.05,
        "P_30": 0.03333333333333333,
        "P_100": 0.01,
        "P_200": 0.005,
        "P_500": 0.002,
        "P_1000": 0.001
    },
    "18": {
        "map": 0.011689665152671206,
        "P_5": 0.6,
        "P_10": 0.4,
        "P_15": 0.4666666666666667,
        "P_20": 0.6,
        "P_30": 0.4,
        "P_100": 0.12,
        "P_200": 0.06,
        "P_500": 0.024,
        "P_1000": 0.012
    },
    "19": {
        "map": 0.008108108108108109,
        "P_5": 0.4,
        "P_10": 0.2,
        "P_15": 0.13333333333333333,
        "P_20": 0.1,
        "P_30": 0.06666666666666667,
        "P_100": 0.02,
        "P_200": 0.01,
        "P_500": 0.004,
        "P_1000": 0.002
    },
    "20": {
        "map": 0.02258227194819241,
        "P_5": 1.0,
        "P_10": 0.9,
        "P_15": 0.8666666666666667,
        "P_20": 0.85,
        "P_30": 0.5666666666666667,
        "P_100": 0.17,
        "P_200": 0.085,
        "P_500": 0.034,
        "P_1000": 0.017
    },
    "21": {
        "map": 0.0003968253968253968,
        "P_5": 0.2,
        "P_10": 0.1,
        "P_15": 0.06666666666666667,
        "P_20": 0.05,
        "P_30": 0.03333333333333333,
        "P_100": 0.01,
        "P_200": 0.005,
        "P_500": 0.002,
        "P_1000": 0.001
    },
    "22": {
        "map": 0.0016028847436410463,
        "P_5": 0.0,
        "P_10": 0.2,
        "P_15": 0.13333333333333333,
        "P_20": 0.2,
        "P_30": 0.13333333333333333,
        "P_100": 0.04,
        "P_200": 0.02,
        "P_500": 0.008,
        "P_1000": 0.004
    },
    "23": {
        "map": 0.0,
        "P_5": 0.0,
        "P_10": 0.0,
        "P_15": 0.0,
        "P_20": 0.0,
        "P_30": 0.0,
        "P_100": 0.0,
        "P_200": 0.0,
        "P_500": 0.0,
        "P_1000": 0.0
    },
    "24": {
        "map": 0.00012376237623762376,
        "P_5": 0.0,
        "P_10": 0.0,
        "P_15": 0.0,
        "P_20": 0.05,
        "P_30": 0.03333333333333333,
        "P_100": 0.01,
        "P_200": 0.005,
        "P_500": 0.002,
        "P_1000": 0.001
    },
    "25": {
        "map": 0.0003040051293956378,
        "P_5": 0.0,
        "P_10": 0.0,
        "P_15": 0.0,
        "P_20": 0.1,
        "P_30": 0.06666666666666667,
        "P_100": 0.02,
        "P_200": 0.01,
        "P_500": 0.004,
        "P_1000": 0.002
    },
    "26": {
        "map": 0.0,
        "P_5": 0.0,
        "P_10": 0.0,
        "P_15": 0.0,
        "P_20": 0.0,
        "P_30": 0.0,
        "P_100": 0.0,
        "P_200": 0.0,
        "P_500": 0.0,
        "P_1000": 0.0
    },
    "27": {
        "map": 0.00011778563015312133,
        "P_5": 0.0,
        "P_10": 0.1,
        "P_15": 0.06666666666666667,
        "P_20": 0.05,
        "P_30": 0.03333333333333333,
        "P_100": 0.01,
        "P_200": 0.005,
        "P_500": 0.002,
        "P_1000": 0.001
    },
    "28": {
        "map": 0.02351507208564178,
        "P_5": 0.8,
        "P_10": 0.7,
        "P_15": 0.7333333333333333,
        "P_20": 0.8,
        "P_30": 0.5333333333333333,
        "P_100": 0.16,
        "P_200": 0.08,
        "P_500": 0.032,
        "P_1000": 0.016
    },
    "29": {
        "map": 0.009213228171271045,
        "P_5": 0.6,
        "P_10": 0.4,
        "P_15": 0.5333333333333333,
        "P_20": 0.5,
        "P_30": 0.3333333333333333,
        "P_100": 0.1,
        "P_200": 0.05,
        "P_500": 0.02,
        "P_1000": 0.01
    },
    "30": {
        "map": 0.03583336041927374,
        "P_5": 0.8,
        "P_10": 0.8,
        "P_15": 0.8,
        "P_20": 0.8,
        "P_30": 0.5333333333333333,
        "P_100": 0.16,
        "P_200": 0.08,
        "P_500": 0.032,
        "P_1000": 0.016
    },
    "31": {
        "map": 0.00015738117721120554,
        "P_5": 0.0,
        "P_10": 0.0,