{
    "1": {
        "map": 0.002691186364655752,
        "P_5": 0.4,
        "P_10": 0.2,
        "P_15": 0.2,
        "P_20": 0.15,
        "P_30": 0.1,
        "P_100": 0.03,
        "P_200": 0.015,
        "P_500": 0.006,
        "P_1000": 0.003
    },
    "2": {
        "map": 0.041474971670054664,
        "P_5": 0.6,
        "P_10": 0.5,
        "P_15": 0.4,
        "P_20": 0.35,
        "P_30": 0.43333333333333335,
        "P_100": 0.25,
        "P_200": 0.125,
        "P_500": 0.05,
        "P_1000": 0.025
    },
    "3": {
        "map": 0.001769233692101488,
        "P_5": 0.0,
        "P_10": 0.2,
        "P_15": 0.13333333333333333,
        "P_20": 0.15,
        "P_30": 0.13333333333333333,
        "P_100": 0.07,
        "P_200": 0.035,
        "P_500": 0.014,
        "P_1000": 0.007
    },
    "4": {
        "map": 0.0,
        "P_5": 0.0,
        "P_10": 0.0,
        "P_15": 0.0,
        "P_20": 0.0,
        "P_30": 0.0,
        "P_100": 0.0,
        "P_200": 0.0,
        "P_500": 0.0,
        "P_1000": 0.0
    },
    "5": {
        "map": 4.176062807984632e-05,
        "P_5": 0.0,
        "P_10": 0.0,
        "P_15": 0.0,
        "P_20": 0.0,
        "P_30": 0.0,
        "P_100": 0.01,
        "P_200": 0.005,
        "P_500": 0.002,
        "P_1000": 0.001
    },
    "6": {
        "map": 0.00025176398918643953,
        "P_5": 0.0,
        "P_10": 0.0,
        "P_15": 0.0,
        "P_20": 0.0,
        "P_30": 0.03333333333333333,
        "P_100": 0.04,
        "P_200": 0.02,
        "P_500": 0.008,
        "P_1000": 0.004
    },
    "7": {
        "map": 0.036050658703731614,
        "P_5": 0.6,
        "P_10": 0.5,
        "P_15": 0.6,
        "P_20": 0.6,
        "P_30": 0.6333333333333333,
        "P_100": 0.29,
        "P_200": 0.145,
        "P_500": 0.058,
        "P_1000": 0.029
    },
    "8": {
        "map": 0.003244570937086455,
        "P_5": 0.0,
        "P_10": 0.0,
        "P_15": 0.2,
        "P_20": 0.25,
        "P_30": 0.2,
        "P_100": 0.1,
        "P_200": 0.05,
        "P_500": 0.02,
        "P_1000": 0.01
    },
    "9": {
        "map": 0.0,
        "P_5": 0.0,
        "P_10": 0.0,
        "P_15": 0.0,
        "P_20": 0.0,
        "P_30": 0.0,
        "P_100": 0.0,
        "P_200": 0.0,
        "P_500": 0.0,
        "P_1000": 0.0
    },
    "10": {
        "map": 0.015305866044057597,
        "P_5": 0.4,
        "P_10": 0.3,
        "P_15": 0.3333333333333333,
        "P_20": 0.4,
        "P_30": 0.3333333333333333,
        "P_100": 0.19,
        "P_200": 0.095,
        "P_500": 0.038,
        "P_1000": 0.019
    },
    "11": {
        "map": 0.0,
        "P_5": 0.0,
        "P_10": 0.0,
        "P_15": 0.0,
        "P_20": 0.0,
        "P_30": 0.0,
        "P_100": 0.0,
        "P_200": 0.0,
        "P_500": 0.0,
        "P_1000": 0.0
    },
    "12": {
        "map": 0.0017490293335637017,
        "P_5": 0.0,
        "P_10": 0.2,
        "P_15": 0.2,
        "P_20": 0.15,
        "P_30": 0.13333333333333333,
        "P_100": 0.06,
        "P_200": 0.03,
        "P_500": 0.012,
        "P_1000": 0.006
    },
    "13": {
        "map": 0.0002184184207198611,
        "P_5": 0.0,
        "P_10": 0.1,
        "P_15": 0.06666666666666667,
        "P_20": 0.05,
        "P_30": 0.03333333333333333,
        "P_100": 0.02,
        "P_200": 0.01,
        "P_500": 0.004,
        "P_1000": 0.002
    },
    "14": {
        "map": 0.09277626135860653,
        "P_5": 0.8,
        "P_10": 0.8,
        "P_15": 0.7333333333333333,
        "P_20": 0.65,
        "P_30": 0.7,
        "P_100": 0.32,
        "P_200": 0.16,
        "P_500": 0.064,
        "P_1000": 0.032
    },
    "15": {
        "map": 0.0,
        "P_5": 0.0,
        "P_10": 0.0,
        "P_15": 0.0,
        "P_20": 0.0,
        "P_30": 0.0,
        "P_100": 0.0,
        "P_200": 0.0,
        "P_500": 0.0,
        "P_1000": 0.0
    },
    "16": {
        "map": 0.0,
        "P_5": 0.0,
        "P_10": 0.0,
        "P_15": 0.0,
        "P_20": 0.0,
        "P_30": 0.0,
        "P_100": 0.0,
        "P_200": 0.0,
        "P_500": 0.0,
        "P_1000": 0.0
    },
    "17": {
        "map": 0.0005385859980257772,
        "P_5": 0.0,
        "P_10": 0.0,
        "P_15": 0.0,
        "P_20": 0.05,
        "P_30": 0.06666666666666667,
        "P_100": 0.04,
        "P_200": 0.02,
        "P_500": 0.008,
        "P_1000": 0.004
    },
    "18": {
        "map": 0.02355111284204135,
        "P_5": 0.6,
        "P_10": 0.4,
        "P_15": 0.4666666666666667,
        "P_20": 0.6,
        "P_30": 0.5333333333333333,
        "P_100": 0.26,
        "P_200": 0.13,
        "P_500": 0.052,
        "P_1000": 0.026
    },
    "19": {
        "map": 0.009009009009009009,
        "P_5": 0.4,
        "P_10": 0.2,
        "P_15": 0.13333333333333333,
        "P_20": 0.1,
        "P_30": 0.06666666666666667,
        "P_100": 0.02,
        "P_200": 0.01,
        "P_500": 0.004,
        "P_1000": 0.002
    },
    "20": {
        "map": 0.03589796331605887,
        "P_5": 1.0,
        "P_10": 0.9,
        "P_15": 0.7333333333333333,
        "P_20": 0.65,
        "P_30": 0.7,
        "P_100": 0.32,
        "P_200": 0.16,
        "P_500": 0.064,
        "P_1000": 0.032
    },
    "21": {
        "map": 0.0001984126984126984,
        "P_5": 0.0,
        "P_10": 0.1,
        "P_15": 0.06666666666666667,
        "P_20": 0.05,
        "P_30": 0.03333333333333333,
        "P_100": 0.01,
        "P_200": 0.005,
        "P_500": 0.002,
        "P_1000": 0.001
    },
    "22": {
        "map": 0.0032096187111177194,
        "P_5": 0.0,
        "P_10": 0.2,
        "P_15": 0.13333333333333333,
        "P_20": 0.2,
        "P_30": 0.23333333333333334,
        "P_100": 0.08,
        "P_200": 0.04,
        "P_500": 0.016,
        "P_1000": 0.008
    },
    "23": {
        "map": 0.00016846361185983828,
        "P_5": 0.0,
        "P_10": 0.0,
        "P_15": 0.0,
        "P_20": 0.05,
        "P_30": 0.03333333333333333,
        "P_100": 0.01,
        "P_200": 0.005,
        "P_500": 0.002,
        "P_1000": 0.001
    },
    "24": {
        "map": 0.0002612761276127613,
        "P_5": 0.0,
        "P_10": 0.0,
        "P_15": 0.0,
        "P_20": 0.05,
        "P_30": 0.03333333333333333,
        "P_100": 0.02,
        "P_200": 0.01,
        "P_500": 0.004,
        "P_1000": 0.002
    },
    "25": {
        "map": 0.0005617813796104514,
        "P_5": 0.0,
        "P_10": 0.0,
        "P_15": 0.0,
        "P_20": 0.1,
        "P_30": 0.1,
        "P_100": 0.03,
        "P_200": 0.015,
        "P_500": 0.006,
        "P_1000": 0.003
    },
    "26": {
        "map": 2.9891791713995336e-05,
        "P_5": 0.0,
        "P_10": 0.0,
        "P_15": 0.0,
        "P_20": 0.0,
        "P_30": 0.0,
        "P_100": 0.01,
        "P_200": 0.005,
        "P_500": 0.002,
        "P_1000": 0.001
    },
    "27": {
        "map": 0.00033123313453113217,
        "P_5": 0.0,
        "P_10": 0.1,
        "P_15": 0.06666666666666667,
        "P_20": 0.05,
        "P_30": 0.1,
        "P_100": 0.03,
        "P_200": 0.015,
        "P_500": 0.006,
        "P_1000": 0.003
    },
    "28": {
        "map": 0.03942984180387157,
        "P_5": 0.8,
        "P_10": 0.7,
        "P_15": 0.7333333333333333,
        "P_20": 0.8,
        "P_30": 0.6666666666666666,
        "P_100": 0.29,
        "P_200": 0.145,
        "P_500": 0.058,
        "P_1000": 0.029
    },
    "29": {
        "map": 0.014320673464373709,
        "P_5": 0.8,
        "P_10": 0.4,
        "P_15": 0.4,
        "P_20": 0.45,
        "P_30": 0.4,
        "P_100": 0.18,
        "P_200": 0.09,
        "P_500": 0.036,
        "P_1000": 0.018
    },
    "30": {
        "map": 0.06117201248504889,
        "P_5": 0.6,
        "P_10": 0.8,
        "P_15": 0.6,
        "P_20": 0.65,
        "P_30": 0.6666666666666666,
        "P_100": 0.32,
        "P_200": 0.16,
        "P_500": 0.064,
        "P_1000": 0.032
    },