{
    "1": {
        "map": 0.005560524330663965,
        "P_5": 0.4,
        "P_10": 0.3,
        "P_15": 0.26666666666666666,
        "P_20": 0.3,
        "P_30": 0.23333333333333334,
        "P_100": 0.07,
        "P_200": 0.035,
        "P_500": 0.014,
        "P_1000": 0.007
    },
    "2": {
        "map": 0.005875971162595366,
        "P_5": 0.4,
        "P_10": 0.2,
        "P_15": 0.2,
        "P_20": 0.25,
        "P_30": 0.2,
        "P_100": 0.06,
        "P_200": 0.03,
        "P_500": 0.012,
        "P_1000": 0.006
    },
    "3": {
        "map": 0.005412874659019479,
        "P_5": 0.2,
        "P_10": 0.3,
        "P_15": 0.26666666666666666,
        "P_20": 0.3,
        "P_30": 0.36666666666666664,
        "P_100": 0.11,
        "P_200": 0.055,
        "P_500": 0.022,
        "P_1000": 0.011
    },
    "4": {
        "map": 0.0006526239985597263,
        "P_5": 0.2,
        "P_10": 0.1,
        "P_15": 0.06666666666666667,
        "P_20": 0.05,
        "P_30": 0.06666666666666667,
        "P_100": 0.02,
        "P_200": 0.01,
        "P_500": 0.004,
        "P_1000": 0.002
    },
    "5": {
        "map": 0.010573592169683373,
        "P_5": 0.6,
        "P_10": 0.6,
        "P_15": 0.4666666666666667,
        "P_20": 0.4,
        "P_30": 0.3333333333333333,
        "P_100": 0.1,
        "P_200": 0.05,
        "P_500": 0.02,
        "P_1000": 0.01
    },
    "6": {
        "map": 0.0027484113615500474,
        "P_5": 0.4,
        "P_10": 0.4,
        "P_15": 0.3333333333333333,
        "P_20": 0.25,
        "P_30": 0.23333333333333334,
        "P_100": 0.07,
        "P_200": 0.035,
        "P_500": 0.014,
        "P_1000": 0.007
    },
    "7": {
        "map": 0.0268456445772884,
        "P_5": 0.8,
        "P_10": 0.7,
        "P_15": 0.6666666666666666,
        "P_20": 0.7,
        "P_30": 0.6,
        "P_100": 0.18,
        "P_200": 0.09,
        "P_500": 0.036,
        "P_1000": 0.018
    },
    "8": {
        "map": 0.017178016099658914,
        "P_5": 0.8,
        "P_10": 0.5,
        "P_15": 0.6,
        "P_20": 0.55,
        "P_30": 0.5333333333333333,
        "P_100": 0.16,
        "P_200": 0.08,
        "P_500": 0.032,
        "P_1000": 0.016
    },
    "9": {
        "map": 0.058789948023329444,
        "P_5": 0.8,
        "P_10": 0.7,
        "P_15": 0.6,
        "P_20": 0.65,
        "P_30": 0.5333333333333333,
        "P_100": 0.16,
        "P_200": 0.08,
        "P_500": 0.032,
        "P_1000": 0.016
    },
    "10": {
        "map": 0.039107224892564,
        "P_5": 1.0,
        "P_10": 0.8,
        "P_15": 0.7333333333333333,
        "P_20": 0.75,
        "P_30": 0.7333333333333333,
        "P_100": 0.22,
        "P_200": 0.11,
        "P_500": 0.044,
        "P_1000": 0.022
    },
    "11": {
        "map": 0.00806634876897336,
        "P_5": 0.2,
        "P_10": 0.4,
        "P_15": 0.26666666666666666,
        "P_20": 0.2,
        "P_30": 0.3,
        "P_100": 0.09,
        "P_200": 0.045,
        "P_500": 0.018,
        "P_1000": 0.009
    },
    "12": {
        "map": 0.002502817775374167,
        "P_5": 0.0,
        "P_10": 0.2,
        "P_15": 0.3333333333333333,
        "P_20": 0.3,
        "P_30": 0.2,
        "P_100": 0.06,
        "P_200": 0.03,
        "P_500": 0.012,
        "P_1000": 0.006
    },
    "13": {
        "map": 0.018552136261054425,
        "P_5": 0.8,
        "P_10": 0.7,
        "P_15": 0.6666666666666666,
        "P_20": 0.75,
        "P_30": 0.7,
        "P_100": 0.21,
        "P_200": 0.105,
        "P_500": 0.042,
        "P_1000": 0.021
    },
    "14": {
        "map": 0.061297465663345,
        "P_5": 0.6,
        "P_10": 0.8,
        "P_15": 0.7333333333333333,
        "P_20": 0.75,
        "P_30": 0.6666666666666666,
        "P_100": 0.2,
        "P_200": 0.1,
        "P_500": 0.04,
        "P_1000": 0.02
    },
    "15": {
        "map": 0.0025789813023855577,
        "P_5": 0.2,
        "P_10": 0.1,
        "P_15": 0.06666666666666667,
        "P_20": 0.05,
        "P_30": 0.06666666666666667,
        "P_100": 0.02,
        "P_200": 0.01,
        "P_500": 0.004,
        "P_1000": 0.002
    },
    "16": {
        "map": 0.011546307629538965,
        "P_5": 0.4,
        "P_10": 0.5,
        "P_15": 0.3333333333333333,
        "P_20": 0.35,
        "P_30": 0.26666666666666666,
        "P_100": 0.08,
        "P_200": 0.04,
        "P_500": 0.016,
        "P_1000": 0.008
    },
    "17": {
        "map": 0.02200238519585121,
        "P_5": 1.0,
        "P_10": 0.9,
        "P_15": 0.8666666666666667,
        "P_20": 0.75,
        "P_30": 0.5666666666666667,
        "P_100": 0.17,
        "P_200": 0.085,
        "P_500": 0.034,
        "P_1000": 0.017
    },
    "18": {
        "map": 0.018070758921786657,
        "P_5": 0.8,
        "P_10": 0.4,
        "P_15": 0.6,
        "P_20": 0.65,
        "P_30": 0.5666666666666667,
        "P_100": 0.17,
        "P_200": 0.085,
        "P_500": 0.034,
        "P_1000": 0.017
    },
    "19": {
        "map": 0.10372116022270819,
        "P_5": 0.8,
        "P_10": 0.7,
        "P_15": 0.6,
        "P_20": 0.65,
        "P_30": 0.5,
        "P_100": 0.15,
        "P_200": 0.075,
        "P_500": 0.03,
        "P_1000": 0.015
    },
    "20": {
        "map": 0.03488210396852231,
        "P_5": 1.0,
        "P_10": 1.0,
        "P_15": 1.0,
        "P_20": 0.95,
        "P_30": 0.8333333333333334,
        "P_100": 0.25,
        "P_200": 0.125,
        "P_500": 0.05,
        "P_1000": 0.025
    },
    "21": {
        "map": 0.015445822680633846,
        "P_5": 0.8,
        "P_10": 0.6,
        "P_15": 0.6,
        "P_20": 0.5,
        "P_30": 0.4666666666666667,
        "P_100": 0.14,
        "P_200": 0.07,
        "P_500": 0.028,
        "P_1000": 0.014
    },
    "22": {
        "map": 0.029794564690717132,
        "P_5": 0.8,
        "P_10": 0.7,
        "P_15": 0.7333333333333333,
        "P_20": 0.7,
        "P_30": 0.7,
        "P_100": 0.21,
        "P_200": 0.105,
        "P_500": 0.042,
        "P_1000": 0.021
    },
    "23": {
        "map": 0.026114357966320244,
        "P_5": 0.8,
        "P_10": 0.7,
        "P_15": 0.5333333333333333,
        "P_20": 0.5,
        "P_30": 0.4666666666666667,
        "P_100": 0.14,
        "P_200": 0.07,
        "P_500": 0.028,
        "P_1000": 0.014
    },
    "24": {
        "map": 0.06790501882832832,
        "P_5": 1.0,
        "P_10": 1.0,
        "P_15": 1.0,
        "P_20": 0.95,
        "P_30": 0.9333333333333333,
        "P_100": 0.28,
        "P_200": 0.14,
        "P_500": 0.056,
        "P_1000": 0.028
    },
    "25": {
        "map": 0.012597933534776326,
        "P_5": 1.0,
        "P_10": 0.5,
        "P_15": 0.3333333333333333,
        "P_20": 0.35,
        "P_30": 0.3333333333333333,
        "P_100": 0.1,
        "P_200": 0.05,
        "P_500": 0.02,
        "P_1000": 0.01
    },
    "26": {
        "map": 0.006319976215107291,
        "P_5": 0.6,
        "P_10": 0.5,
        "P_15": 0.3333333333333333,
        "P_20": 0.3,
        "P_30": 0.36666666666666664,
        "P_100": 0.11,
        "P_200": 0.055,
        "P_500": 0.022,
        "P_1000": 0.011
    },
    "27": {
        "map": 0.0032445397247978297,
        "P_5": 0.0,
        "P_10": 0.3,
        "P_15": 0.3333333333333333,
        "P_20": 0.3,
        "P_30": 0.3,
        "P_100": 0.09,
        "P_200": 0.045,
        "P_500": 0.018,
        "P_1000": 0.009
    },
    "28": {
        "map": 0.03698853699053022,
        "P_5": 0.8,
        "P_10": 0.7,
        "P_15": 0.8,
        "P_20": 0.85,
        "P_30": 0.8333333333333334,
        "P_100": 0.25,
        "P_200": 0.125,
        "P_500": 0.05,
        "P_1000": 0.025
    },
    "29": {
        "map": 0.030957624214069078,
        "P_5": 1.0,
        "P_10": 0.7,
        "P_15": 0.7333333333333333,
        "P_20": 0.75,
        "P_30": 0.7666666666666667,
        "P_100": 0.23,
        "P_200": 0.115,
        "P_500": 0.046,
        "P_1000": 0.023
    },