{
    "1": {
        "map": 0.002691186364655752,
        "P_5": 0.4,
        "P_10": 0.2,
        "P_15": 0.2,
        "P_20": 0.15,
        "P_30": 0.1,
        "P_100": 0.03,
        "P_200": 0.015,
        "P_500": 0.006,
        "P_1000": 0.003
    },
    "2": {
        "map": 0.02357726354774847,
        "P_5": 0.6,
        "P_10": 0.5,
        "P_15": 0.4,
        "P_20": 0.35,
        "P_30": 0.43333333333333335,
        "P_100": 0.13,
        "P_200": 0.065,
        "P_500": 0.026,
        "P_1000": 0.013
    },
    "3": {
        "map": 0.0010942348521966357,
        "P_5": 0.0,
        "P_10": 0.2,
        "P_15": 0.13333333333333333,
        "P_20": 0.15,
        "P_30": 0.13333333333333333,
        "P_100": 0.04,
        "P_200": 0.02,
        "P_500": 0.008,
        "P_1000": 0.004
    },
    "4": {
        "map": 0.0,
        "P_5": 0.0,
        "P_10": 0.0,
        "P_15": 0.0,
        "P_20": 0.0,
        "P_30": 0.0,
        "P_100": 0.0,
        "P_200": 0.0,
        "P_500": 0.0,
        "P_1000": 0.0
    },
    "5": {
        "map": 0.0,
        "P_5": 0.0,
        "P_10": 0.0,
        "P_15": 0.0,
        "P_20": 0.0,
        "P_30": 0.0,
        "P_100": 0.0,
        "P_200": 0.0,
        "P_500": 0.0,
        "P_1000": 0.0
    },
    "6": {
        "map": 3.862047657668096e-05,
        "P_5": 0.0,
        "P_10": 0.0,
        "P_15": 0.0,
        "P_20": 0.0,
        "P_30": 0.03333333333333333,
        "P_100": 0.01,
        "P_200": 0.005,
        "P_500": 0.002,
        "P_1000": 0.001
    },
    "7": {
        "map": 0.023774909534458905,
        "P_5": 0.6,
        "P_10": 0.5,
        "P_15": 0.6,
        "P_20": 0.6,
        "P_30": 0.6333333333333333,
        "P_100": 0.19,
        "P_200": 0.095,
        "P_500": 0.038,
        "P_1000": 0.019
    },
    "8": {
        "map": 0.0019395994148333168,
        "P_5": 0.0,
        "P_10": 0.0,
        "P_15": 0.2,
        "P_20": 0.25,
        "P_30": 0.2,
        "P_100": 0.06,
        "P_200": 0.03,
        "P_500": 0.012,
        "P_1000": 0.006
    },
    "9": {
        "map": 0.0,
        "P_5": 0.0,
        "P_10": 0.0,
        "P_15": 0.0,
        "P_20": 0.0,
        "P_30": 0.0,
        "P_100": 0.0,
        "P_200": 0.0,
        "P_500": 0.0,
        "P_1000": 0.0
    },
    "10": {
        "map": 0.008286265076980522,
        "P_5": 0.4,
        "P_10": 0.3,
        "P_15": 0.3333333333333333,
        "P_20": 0.4,
        "P_30": 0.3333333333333333,
        "P_100": 0.1,
        "P_200": 0.05,
        "P_500": 0.02,
        "P_1000": 0.01
    },
    "11": {
        "map": 0.0,
        "P_5": 0.0,
        "P_10": 0.0,
        "P_15": 0.0,
        "P_20": 0.0,
        "P_30": 0.0,
        "P_100": 0.0,
        "P_200": 0.0,
        "P_500": 0.0,
        "P_1000": 0.0
    },
    "12": {
        "map": 0.0013085399449035812,
        "P_5": 0.0,
        "P_10": 0.2,
        "P_15": 0.2,
        "P_20": 0.15,
        "P_30": 0.13333333333333333,
        "P_100": 0.04,
        "P_200": 0.02,
        "P_500": 0.008,
        "P_1000": 0.004
    },
    "13": {
        "map": 0.00016477179106936892,
        "P_5": 0.0,
        "P_10": 0.1,
        "P_15": 0.06666666666666667,
        "P_20": 0.05,
        "P_30": 0.03333333333333333,
        "P_100": 0.01,
        "P_200": 0.005,
        "P_500": 0.002,
        "P_1000": 0.001
    },
    "14": {
        "map": 0.06208656631112584,
        "P_5": 0.8,
        "P_10": 0.8,
        "P_15": 0.7333333333333333,
        "P_20": 0.65,
        "P_30": 0.7,
        "P_100": 0.21,
        "P_200": 0.105,
        "P_500": 0.042,
        "P_1000": 0.021
    },
    "15": {
        "map": 0.0,
        "P_5": 0.0,
        "P_10": 0.0,
        "P_15": 0.0,
        "P_20": 0.0,
        "P_30": 0.0,
        "P_100": 0.0,
        "P_200": 0.0,
        "P_500": 0.0,
        "P_1000": 0.0
    },
    "16": {
        "map": 0.0,
        "P_5": 0.0,
        "P_10": 0.0,
        "P_15": 0.0,
        "P_20": 0.0,
        "P_30": 0.0,
        "P_100": 0.0,
        "P_200": 0.0,
        "P_500": 0.0,
        "P_1000": 0.0
    },
    "17": {
        "map": 0.000236134873110921,
        "P_5": 0.0,
        "P_10": 0.0,
        "P_15": 0.0,
        "P_20": 0.05,
        "P_30": 0.06666666666666667,
        "P_100": 0.02,
        "P_200": 0.01,
        "P_500": 0.004,
        "P_1000": 0.002
    },
    "18": {
        "map": 0.01538460903869789,
        "P_5": 0.6,
        "P_10": 0.4,
        "P_15": 0.4666666666666667,
        "P_20": 0.6,
        "P_30": 0.5333333333333333,
        "P_100": 0.16,
        "P_200": 0.08,
        "P_500": 0.032,
        "P_1000": 0.016
    },
    "19": {
        "map": 0.009009009009009009,
        "P_5": 0.4,
        "P_10": 0.2,
        "P_15": 0.13333333333333333,
        "P_20": 0.1,
        "P_30": 0.06666666666666667,
        "P_100": 0.02,
        "P_200": 0.01,
        "P_500": 0.004,
        "P_1000": 0.002
    },
    "20": {
        "map": 0.02528096648519175,
        "P_5": 1.0,
        "P_10": 0.9,
        "P_15": 0.7333333333333333,
        "P_20": 0.65,
        "P_30": 0.7,
        "P_100": 0.21,
        "P_200": 0.105,
        "P_500": 0.042,
        "P_1000": 0.021
    },
    "21": {
        "map": 0.0001984126984126984,
        "P_5": 0.0,
        "P_10": 0.1,
        "P_15": 0.06666666666666667,
        "P_20": 0.05,
        "P_30": 0.03333333333333333,
        "P_100": 0.01,
        "P_200": 0.005,
        "P_500": 0.002,
        "P_1000": 0.001
    },
    "22": {
        "map": 0.002833926027732728,
        "P_5": 0.0,
        "P_10": 0.2,
        "P_15": 0.13333333333333333,
        "P_20": 0.2,
        "P_30": 0.23333333333333334,
        "P_100": 0.07,
        "P_200": 0.035,
        "P_500": 0.014,
        "P_1000": 0.007
    },
    "23": {
        "map": 0.00016846361185983828,
        "P_5": 0.0,
        "P_10": 0.0,
        "P_15": 0.0,
        "P_20": 0.05,
        "P_30": 0.03333333333333333,
        "P_100": 0.01,
        "P_200": 0.005,
        "P_500": 0.002,
        "P_1000": 0.001
    },
    "24": {
        "map": 0.00012376237623762376,
        "P_5": 0.0,
        "P_10": 0.0,
        "P_15": 0.0,
        "P_20": 0.05,
        "P_30": 0.03333333333333333,
        "P_100": 0.01,
        "P_200": 0.005,
        "P_500": 0.002,
        "P_1000": 0.001
    },
    "25": {
        "map": 0.0005617813796104514,
        "P_5": 0.0,
        "P_10": 0.0,
        "P_15": 0.0,
        "P_20": 0.1,
        "P_30": 0.1,
        "P_100": 0.03,
        "P_200": 0.015,
        "P_500": 0.006,
        "P_1000": 0.003
    },
    "26": {
        "map": 0.0,
        "P_5": 0.0,
        "P_10": 0.0,
        "P_15": 0.0,
        "P_20": 0.0,
        "P_30": 0.0,
        "P_100": 0.0,
        "P_200": 0.0,
        "P_500": 0.0,
        "P_1000": 0.0
    },
    "27": {
        "map": 0.00033123313453113217,
        "P_5": 0.0,
        "P_10": 0.1,
        "P_15": 0.06666666666666667,
        "P_20": 0.05,
        "P_30": 0.1,
        "P_100": 0.03,
        "P_200": 0.015,
        "P_500": 0.006,
        "P_1000": 0.003
    },
    "28": {
        "map": 0.02904706851193697,
        "P_5": 0.8,
        "P_10": 0.7,
        "P_15": 0.7333333333333333,
        "P_20": 0.8,
        "P_30": 0.6666666666666666,
        "P_100": 0.2,
        "P_200": 0.1,
        "P_500": 0.04,
        "P_1000": 0.02
    },
    "29": {
        "map": 0.010390783142876024,
        "P_5": 0.8,
        "P_10": 0.4,
        "P_15": 0.4,
        "P_20": 0.45,
        "P_30": 0.4,
        "P_100": 0.12,
        "P_200": 0.06,
        "P_500": 0.024,
        "P_1000": 0.012
    },
    "30": {
        "map": 0.04056773405268121,
        "P_5": 0.6,
        "P_10": 0.8,
        "P_15": 0.6,
        "P_20": 0.65,
        "P_30": 0.7,
        "P_100": 0.21,
        "P_200": 0.105,
        "P_500": 0.042,
        "P_1000": 0.021
    },
    "31": {
        "map": 0.0006672961913755114,
        "P_5": 0.0,
        "P_10": 0.0,
        "P_15": 0.0,