{
    "map": 0.01984898484318343,
    "P_5": 0.632,
    "P_10": 0.5879999999999999,
    "P_15": 0.5546666666666668,
    "P_20": 0.546
}