{
    "map": 0.020569367599275835,
    "P_5": 0.6400000000000001,
    "P_10": 0.5819999999999999,
    "P_15": 0.5640000000000001,
    "P_20": 0.5479999999999999
}