{
    "map": 0.019879572677609786,
    "P_5": 0.632,
    "P_10": 0.5899999999999999,
    "P_15": 0.5560000000000002,
    "P_20": 0.5449999999999999
}