{
    "map": 0.039910502219297476,
    "P_5": 0.6400000000000001,
    "P_10": 0.5819999999999999,
    "P_15": 0.5640000000000001,
    "P_20": 0.5489999999999999
}