{
    "map": 0.026913288876425953,
    "P_5": 0.0,
    "P_10": 0.5899999999999999,
    "P_15": 0.0,
    "P_20": 0.0
}