{
    "map": 0.03880361984601333,
    "P_5": 0.0,
    "P_10": 0.5919999999999999,
    "P_15": 0.0,
    "P_20": 0.0
}