{
    "map": 0.026787323378345614,
    "P_5": 0.0,
    "P_10": 0.5879999999999999,
    "P_15": 0.0,
    "P_20": 0.0
}