{
    "1": {
        "map": 0.007029503908376915,
        "P_5": 0.4,
        "P_10": 0.3,
        "P_15": 0.26666666666666666,
        "P_20": 0.3,
        "P_30": 0.23333333333333334,
        "P_100": 0.11,
        "P_200": 0.055,
        "P_500": 0.022,
        "P_1000": 0.011
    },
    "2": {
        "map": 0.008934258684946643,
        "P_5": 0.4,
        "P_10": 0.2,
        "P_15": 0.2,
        "P_20": 0.25,
        "P_30": 0.2,
        "P_100": 0.11,
        "P_200": 0.055,
        "P_500": 0.022,
        "P_1000": 0.011
    },
    "3": {
        "map": 0.009406926376141071,
        "P_5": 0.2,
        "P_10": 0.3,
        "P_15": 0.26666666666666666,
        "P_20": 0.3,
        "P_30": 0.36666666666666664,
        "P_100": 0.18,
        "P_200": 0.09,
        "P_500": 0.036,
        "P_1000": 0.018
    },
    "4": {
        "map": 0.000534979504733758,
        "P_5": 0.0,
        "P_10": 0.0,
        "P_15": 0.06666666666666667,
        "P_20": 0.1,
        "P_30": 0.06666666666666667,
        "P_100": 0.03,
        "P_200": 0.015,
        "P_500": 0.006,
        "P_1000": 0.003
    },
    "5": {
        "map": 0.0130472460556074,
        "P_5": 0.6,
        "P_10": 0.6,
        "P_15": 0.4666666666666667,
        "P_20": 0.4,
        "P_30": 0.3333333333333333,
        "P_100": 0.15,
        "P_200": 0.075,
        "P_500": 0.03,
        "P_1000": 0.015
    },
    "6": {
        "map": 0.005919090170179571,
        "P_5": 0.2,
        "P_10": 0.1,
        "P_15": 0.2,
        "P_20": 0.2,
        "P_30": 0.3,
        "P_100": 0.18,
        "P_200": 0.09,
        "P_500": 0.036,
        "P_1000": 0.018
    },
    "7": {
        "map": 0.039015939095309635,
        "P_5": 0.8,
        "P_10": 0.7,
        "P_15": 0.6666666666666666,
        "P_20": 0.7,
        "P_30": 0.6,
        "P_100": 0.28,
        "P_200": 0.14,
        "P_500": 0.056,
        "P_1000": 0.028
    },
    "8": {
        "map": 0.021273405477306356,
        "P_5": 0.8,
        "P_10": 0.5,
        "P_15": 0.6,
        "P_20": 0.55,
        "P_30": 0.5333333333333333,
        "P_100": 0.21,
        "P_200": 0.105,
        "P_500": 0.042,
        "P_1000": 0.021
    },
    "9": {
        "map": 0.028393746803805305,
        "P_5": 0.4,
        "P_10": 0.4,
        "P_15": 0.3333333333333333,
        "P_20": 0.35,
        "P_30": 0.36666666666666664,
        "P_100": 0.14,
        "P_200": 0.07,
        "P_500": 0.028,
        "P_1000": 0.014
    },
    "10": {
        "map": 0.06128866315814254,
        "P_5": 1.0,
        "P_10": 0.8,
        "P_15": 0.7333333333333333,
        "P_20": 0.75,
        "P_30": 0.7333333333333333,
        "P_100": 0.36,
        "P_200": 0.18,
        "P_500": 0.072,
        "P_1000": 0.036
    },
    "11": {
        "map": 0.010553643615953014,
        "P_5": 0.2,
        "P_10": 0.4,
        "P_15": 0.26666666666666666,
        "P_20": 0.2,
        "P_30": 0.3,
        "P_100": 0.13,
        "P_200": 0.065,
        "P_500": 0.026,
        "P_1000": 0.013
    },
    "12": {
        "map": 0.005185929801038883,
        "P_5": 0.0,
        "P_10": 0.2,
        "P_15": 0.3333333333333333,
        "P_20": 0.3,
        "P_30": 0.2,
        "P_100": 0.13,
        "P_200": 0.065,
        "P_500": 0.026,
        "P_1000": 0.013
    },
    "13": {
        "map": 0.0258495468075482,
        "P_5": 0.8,
        "P_10": 0.7,
        "P_15": 0.6666666666666666,
        "P_20": 0.75,
        "P_30": 0.7,
        "P_100": 0.31,
        "P_200": 0.155,
        "P_500": 0.062,
        "P_1000": 0.031
    },
    "14": {
        "map": 0.08466731759133753,
        "P_5": 0.6,
        "P_10": 0.8,
        "P_15": 0.7333333333333333,
        "P_20": 0.75,
        "P_30": 0.6666666666666666,
        "P_100": 0.29,
        "P_200": 0.145,
        "P_500": 0.058,
        "P_1000": 0.029
    },
    "15": {
        "map": 0.002887337762453396,
        "P_5": 0.2,
        "P_10": 0.1,
        "P_15": 0.06666666666666667,
        "P_20": 0.05,
        "P_30": 0.1,
        "P_100": 0.03,
        "P_200": 0.015,
        "P_500": 0.006,
        "P_1000": 0.003
    },
    "16": {
        "map": 0.01345959882119678,
        "P_5": 0.4,
        "P_10": 0.5,
        "P_15": 0.3333333333333333,
        "P_20": 0.35,
        "P_30": 0.26666666666666666,
        "P_100": 0.11,
        "P_200": 0.055,
        "P_500": 0.022,
        "P_1000": 0.011
    },
    "17": {
        "map": 0.03154825749323134,
        "P_5": 1.0,
        "P_10": 0.9,
        "P_15": 0.8666666666666667,
        "P_20": 0.75,
        "P_30": 0.5666666666666667,
        "P_100": 0.28,
        "P_200": 0.14,
        "P_500": 0.056,
        "P_1000": 0.028
    },
    "18": {
        "map": 0.028369541855416215,
        "P_5": 0.8,
        "P_10": 0.4,
        "P_15": 0.6,
        "P_20": 0.65,
        "P_30": 0.5666666666666667,
        "P_100": 0.29,
        "P_200": 0.145,
        "P_500": 0.058,
        "P_1000": 0.029
    },
    "19": {
        "map": 0.11108626842815253,
        "P_5": 0.8,
        "P_10": 0.7,
        "P_15": 0.6,
        "P_20": 0.65,
        "P_30": 0.5,
        "P_100": 0.17,
        "P_200": 0.085,
        "P_500": 0.034,
        "P_1000": 0.017
    },
    "20": {
        "map": 0.053606709627036286,
        "P_5": 1.0,
        "P_10": 1.0,
        "P_15": 1.0,
        "P_20": 0.95,
        "P_30": 0.8333333333333334,
        "P_100": 0.41,
        "P_200": 0.205,
        "P_500": 0.082,
        "P_1000": 0.041
    },
    "21": {
        "map": 0.01937747275358827,
        "P_5": 0.8,
        "P_10": 0.6,
        "P_15": 0.6,
        "P_20": 0.5,
        "P_30": 0.4666666666666667,
        "P_100": 0.2,
        "P_200": 0.1,
        "P_500": 0.04,
        "P_1000": 0.02
    },
    "22": {
        "map": 0.045832601453883036,
        "P_5": 0.8,
        "P_10": 0.7,
        "P_15": 0.7333333333333333,
        "P_20": 0.7,
        "P_30": 0.7,
        "P_100": 0.34,
        "P_200": 0.17,
        "P_500": 0.068,
        "P_1000": 0.034
    },
    "23": {
        "map": 0.03171239386143806,
        "P_5": 0.8,
        "P_10": 0.7,
        "P_15": 0.5333333333333333,
        "P_20": 0.5,
        "P_30": 0.4666666666666667,
        "P_100": 0.19,
        "P_200": 0.095,
        "P_500": 0.038,
        "P_1000": 0.019
    },
    "24": {
        "map": 0.09309213873829225,
        "P_5": 1.0,
        "P_10": 1.0,
        "P_15": 1.0,
        "P_20": 0.95,
        "P_30": 0.9333333333333333,
        "P_100": 0.4,
        "P_200": 0.2,
        "P_500": 0.08,
        "P_1000": 0.04
    },
    "25": {
        "map": 0.017681088233773835,
        "P_5": 1.0,
        "P_10": 0.5,
        "P_15": 0.3333333333333333,
        "P_20": 0.35,
        "P_30": 0.3333333333333333,
        "P_100": 0.17,
        "P_200": 0.085,
        "P_500": 0.034,
        "P_1000": 0.017
    },
    "26": {
        "map": 0.015882407889056472,
        "P_5": 0.8,
        "P_10": 0.5,
        "P_15": 0.3333333333333333,
        "P_20": 0.3,
        "P_30": 0.4666666666666667,
        "P_100": 0.23,
        "P_200": 0.115,
        "P_500": 0.046,
        "P_1000": 0.023
    },
    "27": {
        "map": 0.007964177269269688,
        "P_5": 0.0,
        "P_10": 0.3,
        "P_15": 0.3333333333333333,
        "P_20": 0.3,
        "P_30": 0.3,
        "P_100": 0.2,
        "P_200": 0.1,
        "P_500": 0.04,
        "P_1000": 0.02
    },
    "28": {
        "map": 0.06341556181163008,
        "P_5": 0.8,
        "P_10": 0.7,
        "P_15": 0.8,
        "P_20": 0.85,
        "P_30": 0.8333333333333334,
        "P_100": 0.42,
        "P_200": 0.21,
        "P_500": 0.084,
        "P_1000": 0.042
    },
    "29": {
        "map": 0.04523494925645166,
        "P_5": 1.0,
        "P_10": 0.7,
        "P_15": 0.7333333333333333,
        "P_20": 0.75,
        "P_30": 0.7666666666666667,
        "P_100": 0.35,
        "P_200": 0.175,
        "P_500": 0.07,
        "P_1000": 0.035
    },