{
    "1": {
        "map": 0.003792503674371315,
        "P_10": 0.3
    },
    "2": {
        "map": 0.011058440197248722,
        "P_10": 0.2
    },
    "3": {
        "map": 0.015992050474325836,
        "P_10": 0.5
    },
    "4": {
        "map": 0.0033446857286704088,
        "P_10": 0.2
    },
    "5": {
        "map": 0.02709644773551572,
        "P_10": 0.5
    },
    "6": {
        "map": 0.017451024732385374,
        "P_10": 0.8
    },
    "7": {
        "map": 0.060297705124639604,
        "P_10": 0.7
    },
    "8": {
        "map": 0.029210602072319167,
        "P_10": 0.8
    },
    "9": {
        "map": 0.02857703854884276,
        "P_10": 0.4
    },
    "10": {
        "map": 0.05857580212442545,
        "P_10": 0.8
    },
    "11": {
        "map": 0.0036594429666718825,
        "P_10": 0.1
    },
    "12": {
        "map": 0.006837072428130985,
        "P_10": 0.3
    },
    "13": {
        "map": 0.025146402148601213,
        "P_10": 0.6
    },
    "14": {
        "map": 0.13565584257525798,
        "P_10": 1.0
    },
    "15": {
        "map": 0.002364066193853428,
        "P_10": 0.1
    },
    "16": {
        "map": 0.03117551641283451,
        "P_10": 0.6
    },
    "17": {
        "map": 0.028064374912114852,
        "P_10": 0.9
    },
    "18": {
        "map": 0.02699516775404887,
        "P_10": 0.6
    },
    "19": {
        "map": 0.06559039703776545,
        "P_10": 0.5
    },
    "20": {
        "map": 0.05618008866290807,
        "P_10": 1.0
    },
    "21": {
        "map": 0.012280579132546002,
        "P_10": 0.6
    },
    "22": {
        "map": 0.04620870722373774,
        "P_10": 0.7
    },
    "23": {
        "map": 0.033985600515326266,
        "P_10": 0.7
    },
    "24": {
        "map": 0.09224007623602504,
        "P_10": 1.0
    },
    "25": {
        "map": 0.015555502663349829,
        "P_10": 0.5
    },
    "26": {
        "map": 0.014519104210599492,
        "P_10": 0.5
    },
    "27": {
        "map": 0.007457835256722504,
        "P_10": 0.3
    },
    "28": {
        "map": 0.046936406776423474,
        "P_10": 0.9
    },
    "29": {
        "map": 0.053149525041348074,
        "P_10": 0.9
    },
    "30": {
        "map": 0.12871606622349427,
        "P_10": 1.0
    },
    "31": {
        "map": 0.0033307847118045414,
        "P_10": 0.1
    },
    "32": {
        "map": 0.007439335887611749,
        "P_10": 0.2
    },
    "33": {
        "map": 0.03398295316649973,
        "P_10": 0.5
    },
    "34": {
        "map": 0.01850123770438408,
        "P_10": 0.4
    },
    "35": {
        "map": 0.013519764627491085,
        "P_10": 0.3
    },
    "36": {
        "map": 0.0641308329582887,
        "P_10": 1.0
    },
    "37": {
        "map": 0.037142873157770505,
        "P_10": 0.5
    },
    "38": {
        "map": 0.024865295337157114,
        "P_10": 0.9
    },
    "39": {
        "map": 0.0549054090750322,
        "P_10": 0.9
    },
    "40": {
        "map": 0.0852385963636474,
        "P_10": 1.0
    },
    "41": {
        "map": 0.05827286513029087,
        "P_10": 0.8
    },
    "42": {
        "map": 0.19222398664926435,
        "P_10": 1.0
    },
    "43": {
        "map": 0.04880385137694341,
        "P_10": 0.7
    },
    "44": {
        "map": 0.0289924128317101,
        "P_10": 0.6
    },
    "45": {
        "map": 0.02730864704502932,
        "P_10": 0.7
    },
    "46": {
        "map": 0.08166582083122408,
        "P_10": 0.7
    },
    "47": {
        "map": 0.005375993832242538,
        "P_10": 0.1
    },
    "48": {
        "map": 0.033197374877308866,
        "P_10": 0.8
    },
    "49": {
        "map": 0.015433916476767291,
        "P_10": 0.2
    },
    "50": {
        "map": 0.017734965475694496,
        "P_10": 0.2
    }
}