{
    "1": {
        "map": 0.003592096179130993,
        "P_10": 0.3
    },
    "2": {
        "map": 0.006319570349070852,
        "P_10": 0.2
    },
    "3": {
        "map": 0.011038234165015896,
        "P_10": 0.5
    },
    "4": {
        "map": 0.0020390929630531795,
        "P_10": 0.2
    },
    "5": {
        "map": 0.018419230438691113,
        "P_10": 0.5
    },
    "6": {
        "map": 0.010331045256529673,
        "P_10": 0.7
    },
    "7": {
        "map": 0.03779462600972897,
        "P_10": 0.7
    },
    "8": {
        "map": 0.022325450631535147,
        "P_10": 0.8
    },
    "9": {
        "map": 0.021701583305663467,
        "P_10": 0.4
    },
    "10": {
        "map": 0.03907631805027984,
        "P_10": 0.8
    },
    "11": {
        "map": 0.002746701090074584,
        "P_10": 0.1
    },
    "12": {
        "map": 0.0037994463266202397,
        "P_10": 0.3
    },
    "13": {
        "map": 0.016517959930683904,
        "P_10": 0.6
    },
    "14": {
        "map": 0.10241810260218703,
        "P_10": 1.0
    },
    "15": {
        "map": 0.002364066193853428,
        "P_10": 0.1
    },
    "16": {
        "map": 0.02397183988991254,
        "P_10": 0.6
    },
    "17": {
        "map": 0.022194416649368637,
        "P_10": 0.9
    },
    "18": {
        "map": 0.017171130485431563,
        "P_10": 0.6
    },
    "19": {
        "map": 0.057644649092017504,
        "P_10": 0.5
    },
    "20": {
        "map": 0.03199961750116191,
        "P_10": 1.0
    },
    "21": {
        "map": 0.011306179710941612,
        "P_10": 0.6
    },
    "22": {
        "map": 0.03015317992135035,
        "P_10": 0.7
    },
    "23": {
        "map": 0.023890724114869383,
        "P_10": 0.7
    },
    "24": {
        "map": 0.06608751608159699,
        "P_10": 1.0
    },
    "25": {
        "map": 0.013556063946464211,
        "P_10": 0.5
    },
    "26": {
        "map": 0.008857644138288046,
        "P_10": 0.5
    },
    "27": {
        "map": 0.0036635736300977147,
        "P_10": 0.3
    },
    "28": {
        "map": 0.03443251693574826,
        "P_10": 0.9
    },
    "29": {
        "map": 0.04147119553405137,
        "P_10": 0.9
    },
    "30": {
        "map": 0.08108108108108109,
        "P_10": 1.0
    },
    "31": {
        "map": 0.0012629839471199244,
        "P_10": 0.1
    },
    "32": {
        "map": 0.006486176846217414,
        "P_10": 0.2
    },
    "33": {
        "map": 0.030452915147175717,
        "P_10": 0.5
    },
    "34": {
        "map": 0.017629144681128264,
        "P_10": 0.4
    },
    "35": {
        "map": 0.008645458068525385,
        "P_10": 0.3
    },
    "36": {
        "map": 0.03979456807482311,
        "P_10": 1.0
    },
    "37": {
        "map": 0.026218140035456736,
        "P_10": 0.5
    },
    "38": {
        "map": 0.016361328975558056,
        "P_10": 0.9
    },
    "39": {
        "map": 0.03223589536271714,
        "P_10": 0.9
    },
    "40": {
        "map": 0.051972067666064194,
        "P_10": 1.0
    },
    "41": {
        "map": 0.05057276061130287,
        "P_10": 0.8
    },
    "42": {
        "map": 0.11406940399419468,
        "P_10": 1.0
    },
    "43": {
        "map": 0.02659730762067933,
        "P_10": 0.7
    },
    "44": {
        "map": 0.02218237583233248,
        "P_10": 0.6
    },
    "45": {
        "map": 0.021535958433545943,
        "P_10": 0.7
    },
    "46": {
        "map": 0.06300968430068779,
        "P_10": 0.7
    },
    "47": {
        "map": 0.002983943392507907,
        "P_10": 0.1
    },
    "48": {
        "map": 0.029633054096686245,
        "P_10": 0.8
    },
    "49": {
        "map": 0.00819957132650631,
        "P_10": 0.2
    },
    "50": {
        "map": 0.007856853203568532,
        "P_10": 0.2
    }
}