{
    "1": {
        "map": 0.003592096179130993,
        "P_10": 0.3
    },
    "2": {
        "map": 0.00537595157105717,
        "P_10": 0.2
    },
    "3": {
        "map": 0.010985155608752626,
        "P_10": 0.5
    },
    "4": {
        "map": 0.0020390929630531795,
        "P_10": 0.2
    },
    "5": {
        "map": 0.018130697744625994,
        "P_10": 0.5
    },
    "6": {
        "map": 0.012804130214136107,
        "P_10": 0.8
    },
    "7": {
        "map": 0.04084414662999091,
        "P_10": 0.7
    },
    "8": {
        "map": 0.022325450631535147,
        "P_10": 0.8
    },
    "9": {
        "map": 0.021766061163966923,
        "P_10": 0.4
    },
    "10": {
        "map": 0.03907631805027984,
        "P_10": 0.8
    },
    "11": {
        "map": 0.002746701090074584,
        "P_10": 0.1
    },
    "12": {
        "map": 0.0038754861448711715,
        "P_10": 0.3
    },
    "13": {
        "map": 0.016517959930683904,
        "P_10": 0.6
    },
    "14": {
        "map": 0.10763025418434398,
        "P_10": 1.0
    },
    "15": {
        "map": 0.002364066193853428,
        "P_10": 0.1
    },
    "16": {
        "map": 0.02397183988991254,
        "P_10": 0.6
    },
    "17": {
        "map": 0.020633683587666922,
        "P_10": 0.9
    },
    "18": {
        "map": 0.015566719326880276,
        "P_10": 0.5
    },
    "19": {
        "map": 0.05253327358590516,
        "P_10": 0.6
    },
    "20": {
        "map": 0.03199961750116191,
        "P_10": 1.0
    },
    "21": {
        "map": 0.013237212139903653,
        "P_10": 0.7
    },
    "22": {
        "map": 0.030061604829775254,
        "P_10": 0.7
    },
    "23": {
        "map": 0.023887268451036357,
        "P_10": 0.7
    },
    "24": {
        "map": 0.06581062057595448,
        "P_10": 1.0
    },
    "25": {
        "map": 0.013618769384364848,
        "P_10": 0.5
    },
    "26": {
        "map": 0.008024393764123512,
        "P_10": 0.4
    },
    "27": {
        "map": 0.0036807937514651296,
        "P_10": 0.3
    },
    "28": {
        "map": 0.03443251693574826,
        "P_10": 0.9
    },
    "29": {
        "map": 0.039808667940232384,
        "P_10": 0.9
    },
    "30": {
        "map": 0.08108108108108109,
        "P_10": 1.0
    },
    "31": {
        "map": 0.0012629839471199244,
        "P_10": 0.1
    },
    "32": {
        "map": 0.006486176846217414,
        "P_10": 0.2
    },
    "33": {
        "map": 0.030452915147175717,
        "P_10": 0.5
    },
    "34": {
        "map": 0.017629144681128264,
        "P_10": 0.4
    },
    "35": {
        "map": 0.010030973104367598,
        "P_10": 0.3
    },
    "36": {
        "map": 0.039745656360467514,
        "P_10": 1.0
    },
    "37": {
        "map": 0.024499721466963203,
        "P_10": 0.5
    },
    "38": {
        "map": 0.016361328975558056,
        "P_10": 0.9
    },
    "39": {
        "map": 0.03223589536271714,
        "P_10": 0.9
    },
    "40": {
        "map": 0.051905454290098296,
        "P_10": 1.0
    },
    "41": {
        "map": 0.05057276061130287,
        "P_10": 0.8
    },
    "42": {
        "map": 0.11406940399419468,
        "P_10": 1.0
    },
    "43": {
        "map": 0.022143110083477843,
        "P_10": 0.7
    },
    "44": {
        "map": 0.02111669120971966,
        "P_10": 0.5
    },
    "45": {
        "map": 0.021535958433545943,
        "P_10": 0.7
    },
    "46": {
        "map": 0.06300968430068779,
        "P_10": 0.7
    },
    "47": {
        "map": 0.0023752171433875694,
        "P_10": 0.1
    },
    "48": {
        "map": 0.029279711623778557,
        "P_10": 0.7
    },
    "49": {
        "map": 0.008374897086236226,
        "P_10": 0.2
    },
    "50": {
        "map": 0.007856853203568532,
        "P_10": 0.2
    }
}