{
    "1": {
        "map": 0.003592096179130993,
        "P_5": 0.2,
        "P_10": 0.3,
        "P_15": 0.26666666666666666,
        "P_20": 0.25
    },
    "2": {
        "map": 0.0034527155713880487,
        "P_5": 0.0,
        "P_10": 0.2,
        "P_15": 0.2,
        "P_20": 0.25
    },
    "3": {
        "map": 0.0073474657705643095,
        "P_5": 0.2,
        "P_10": 0.5,
        "P_15": 0.4666666666666667,
        "P_20": 0.45
    },
    "4": {
        "map": 0.0009548524746017531,
        "P_5": 0.0,
        "P_10": 0.2,
        "P_15": 0.13333333333333333,
        "P_20": 0.15
    },
    "5": {
        "map": 0.012303198401689742,
        "P_5": 0.8,
        "P_10": 0.5,
        "P_15": 0.6,
        "P_20": 0.55
    },
    "6": {
        "map": 0.009367719234768243,
        "P_5": 0.6,
        "P_10": 0.8,
        "P_15": 0.6666666666666666,
        "P_20": 0.55
    },
    "7": {
        "map": 0.0271926222807385,
        "P_5": 0.8,
        "P_10": 0.7,
        "P_15": 0.8,
        "P_20": 0.8
    },
    "8": {
        "map": 0.016182438442843266,
        "P_5": 0.8,
        "P_10": 0.8,
        "P_15": 0.6,
        "P_20": 0.65
    },
    "9": {
        "map": 0.017754366052795373,
        "P_5": 0.4,
        "P_10": 0.4,
        "P_15": 0.4666666666666667,
        "P_20": 0.4
    },
    "10": {
        "map": 0.02829901419529903,
        "P_5": 1.0,
        "P_10": 0.8,
        "P_15": 0.8,
        "P_20": 0.75
    },
    "11": {
        "map": 0.0016566265060240963,
        "P_5": 0.0,
        "P_10": 0.1,
        "P_15": 0.13333333333333333,
        "P_20": 0.2
    },
    "12": {
        "map": 0.0033589572192513364,
        "P_5": 0.4,
        "P_10": 0.3,
        "P_15": 0.26666666666666666,
        "P_20": 0.3
    },
    "13": {
        "map": 0.011709200272705257,
        "P_5": 0.8,
        "P_10": 0.6,
        "P_15": 0.6666666666666666,
        "P_20": 0.7
    },
    "14": {
        "map": 0.07388946221763558,
        "P_5": 1.0,
        "P_10": 1.0,
        "P_15": 1.0,
        "P_20": 0.95
    },
    "15": {
        "map": 0.002364066193853428,
        "P_5": 0.2,
        "P_10": 0.1,
        "P_15": 0.06666666666666667,
        "P_20": 0.05
    },
    "16": {
        "map": 0.01914491497254835,
        "P_5": 0.8,
        "P_10": 0.6,
        "P_15": 0.5333333333333333,
        "P_20": 0.5
    },
    "17": {
        "map": 0.015596782625225738,
        "P_5": 0.8,
        "P_10": 0.9,
        "P_15": 0.7333333333333333,
        "P_20": 0.65
    },
    "18": {
        "map": 0.010172881009336611,
        "P_5": 0.8,
        "P_10": 0.5,
        "P_15": 0.4666666666666667,
        "P_20": 0.5
    },
    "19": {
        "map": 0.05253327358590516,
        "P_5": 0.6,
        "P_10": 0.6,
        "P_15": 0.5333333333333333,
        "P_20": 0.45
    },
    "20": {
        "map": 0.02515164422844161,
        "P_5": 1.0,
        "P_10": 1.0,
        "P_15": 0.9333333333333333,
        "P_20": 0.9
    },
    "21": {
        "map": 0.01161540399635638,
        "P_5": 0.8,
        "P_10": 0.7,
        "P_15": 0.6,
        "P_20": 0.5
    },
    "22": {
        "map": 0.020828268297903928,
        "P_5": 0.8,
        "P_10": 0.7,
        "P_15": 0.8,
        "P_20": 0.7
    },
    "23": {
        "map": 0.0225934679119528,
        "P_5": 0.8,
        "P_10": 0.7,
        "P_15": 0.5333333333333333,
        "P_20": 0.55
    },
    "24": {
        "map": 0.04950495049504951,
        "P_5": 1.0,
        "P_10": 1.0,
        "P_15": 1.0,
        "P_20": 1.0
    },
    "25": {
        "map": 0.012089296966423621,
        "P_5": 1.0,
        "P_10": 0.5,
        "P_15": 0.4666666666666667,
        "P_20": 0.4
    },
    "26": {
        "map": 0.005771820296241889,
        "P_5": 0.8,
        "P_10": 0.4,
        "P_15": 0.3333333333333333,
        "P_20": 0.3
    },
    "27": {
        "map": 0.002175294931478677,
        "P_5": 0.4,
        "P_10": 0.3,
        "P_15": 0.26666666666666666,
        "P_20": 0.3
    },
    "28": {
        "map": 0.026181653336615048,
        "P_5": 1.0,
        "P_10": 0.9,
        "P_15": 0.7333333333333333,
        "P_20": 0.8
    },
    "29": {
        "map": 0.02671552625369286,
        "P_5": 1.0,
        "P_10": 0.9,
        "P_15": 0.9333333333333333,
        "P_20": 0.85
    },
    "30": {
        "map": 0.05405405405405406,
        "P_5": 1.0,
        "P_10": 1.0,
        "P_15": 1.0,
        "P_20": 1.0
    },
    "31": {
        "map": 0.0012629839471199244,
        "P_5": 0.0,
        "P_10": 0.1,
        "P_15": 0.13333333333333333,
        "P_20": 0.15
    },
    "32": {
        "map": 0.005528322440087146,
        "P_5": 0.2,
        "P_10": 0.2,
        "P_15": 0.2,
        "P_20": 0.25
    },
    "33": {
        "map": 0.02541188372253894,
        "P_5": 0.8,
        "P_10": 0.5,
        "P_15": 0.5333333333333333,
        "P_20": 0.5
    },
    "34": {
        "map": 0.017629144681128264,
        "P_5": 0.4,
        "P_10": 0.4,
        "P_15": 0.26666666666666666,
        "P_20": 0.25
    },
    "35": {
        "map": 0.005759429153924567,
        "P_5": 0.4,
        "P_10": 0.3,
        "P_15": 0.2,
        "P_20": 0.2
    },
    "36": {
        "map": 0.026851429648194838,
        "P_5": 1.0,
        "P_10": 1.0,
        "P_15": 0.9333333333333333,
        "P_20": 0.85
    },
    "37": {
        "map": 0.015011376031757867,
        "P_5": 0.2,
        "P_10": 0.5,
        "P_15": 0.5333333333333333,
        "P_20": 0.6
    },
    "38": {
        "map": 0.012306884381756363,
        "P_5": 1.0,
        "P_10": 0.9,
        "P_15": 0.8,
        "P_20": 0.85
    },
    "39": {
        "map": 0.021069904053155182,
        "P_5": 1.0,
        "P_10": 0.9,
        "P_15": 0.9333333333333333,
        "P_20": 0.95
    },
    "40": {
        "map": 0.03597122302158273,
        "P_5": 1.0,
        "P_10": 1.0,
        "P_15": 1.0,
        "P_20": 1.0
    },
    "41": {
        "map": 0.034767030244766094,
        "P_5": 0.8,
        "P_10": 0.8,
        "P_15": 0.6666666666666666,
        "P_20": 0.7
    },
    "42": {
        "map": 0.0823045267489712,
        "P_5": 1.0,
        "P_10": 1.0,
        "P_15": 1.0,
        "P_20": 1.0
    },
    "43": {
        "map": 0.018807641633728587,
        "P_5": 0.6,
        "P_10": 0.7,
        "P_15": 0.5333333333333333,
        "P_20": 0.4
    },
    "44": {
        "map": 0.016581832788590094,
        "P_5": 0.8,
        "P_10": 0.5,
        "P_15": 0.4666666666666667,
        "P_20": 0.55
    },
    "45": {
        "map": 0.014897917154022675,
        "P_5": 0.8,
        "P_10": 0.7,
        "P_15": 0.7333333333333333,
        "P_20": 0.75
    },
    "46": {
        "map": 0.04895747088318449,
        "P_5": 0.4,
        "P_10": 0.7,
        "P_15": 0.7333333333333333,
        "P_20": 0.7
    },
    "47": {
        "map": 0.001004594820384294,
        "P_5": 0.0,
        "P_10": 0.1,
        "P_15": 0.06666666666666667,
        "P_20": 0.15
    },
    "48": {
        "map": 0.02307301847743024,
        "P_5": 1.0,
        "P_10": 0.7,
        "P_15": 0.6666666666666666,
        "P_20": 0.6
    },
    "49": {
        "map": 0.005058286160929648,
        "P_5": 0.2,
        "P_10": 0.2,
        "P_15": 0.2,
        "P_20": 0.25
    },
    "50": {
        "map": 0.006640308191403082,
        "P_5": 0.2,
        "P_10": 0.2,
        "P_15": 0.13333333333333333,
        "P_20": 0.2
    }
}