{
    "map": 0.028368990673951277,
    "P_5": 0.608,
    "P_10": 0.586,
    "P_15": 0.556,
    "P_20": 0.5379999999999999
}