{
    "map": 0.021949052246424464,
    "P_5": 0.0,
    "P_10": 0.5100000000000001,
    "P_15": 0.0,
    "P_20": 0.0
}