{
    "map": 0.03174958989844058,
    "P_5": 0.0,
    "P_10": 0.5100000000000001,
    "P_15": 0.0,
    "P_20": 0.0
}