{
    "map": 0.012506959506714353,
    "P_5": 0.42400000000000004,
    "P_10": 0.406,
    "P_15": 0.39466666666666667,
    "P_20": 0.3779999999999999
}