{
    "map": 0.040741608458367266,
    "P_5": 0.604,
    "P_10": 0.586,
    "P_15": 0.5546666666666668,
    "P_20": 0.5359999999999999
}