{
    "map": 0.015924723596881855,
    "P_5": 0.5039999999999999,
    "P_10": 0.5100000000000001,
    "P_15": 0.47866666666666674,
    "P_20": 0.4640000000000001
}