{
    "map": 0.020773378459637674,
    "P_5": 0.6360000000000001,
    "P_10": 0.574,
    "P_15": 0.5453333333333333,
    "P_20": 0.5369999999999999
}