{
    "1": {
        "map": 0.0,
        "P_5": 0.0,
        "P_10": 0.0,
        "P_15": 0.0,
        "P_20": 0.0
    },
    "2": {
        "map": 0.01725599660145419,
        "P_5": 0.4,
        "P_10": 0.4,
        "P_15": 0.6,
        "P_20": 0.55
    },
    "3": {
        "map": 0.004853940338352004,
        "P_5": 0.4,
        "P_10": 0.4,
        "P_15": 0.4,
        "P_20": 0.4
    },
    "4": {
        "map": 0.0022054190296156265,
        "P_5": 0.4,
        "P_10": 0.2,
        "P_15": 0.13333333333333333,
        "P_20": 0.1
    },
    "5": {
        "map": 0.002228227798260371,
        "P_5": 0.2,
        "P_10": 0.1,
        "P_15": 0.2,
        "P_20": 0.15
    },
    "6": {
        "map": 0.003328537785386218,
        "P_5": 0.6,
        "P_10": 0.3,
        "P_15": 0.4,
        "P_20": 0.35
    },
    "7": {
        "map": 0.014950656127126715,
        "P_5": 0.8,
        "P_10": 0.6,
        "P_15": 0.6,
        "P_20": 0.55
    },
    "8": {
        "map": 0.0028651991468447166,
        "P_5": 0.0,
        "P_10": 0.4,
        "P_15": 0.3333333333333333,
        "P_20": 0.3
    },
    "9": {
        "map": 0.007322999007630977,
        "P_5": 0.2,
        "P_10": 0.2,
        "P_15": 0.13333333333333333,
        "P_20": 0.15
    },
    "10": {
        "map": 0.008502923976608187,
        "P_5": 0.6,
        "P_10": 0.6,
        "P_15": 0.4666666666666667,
        "P_20": 0.35
    },
    "11": {
        "map": 0.00013386880856760375,
        "P_5": 0.0,
        "P_10": 0.0,
        "P_15": 0.0,
        "P_20": 0.05
    },
    "12": {
        "map": 0.0007927678382223836,
        "P_5": 0.0,
        "P_10": 0.0,
        "P_15": 0.2,
        "P_20": 0.15
    },
    "13": {
        "map": 0.006415009442691103,
        "P_5": 0.4,
        "P_10": 0.6,
        "P_15": 0.5333333333333333,
        "P_20": 0.4
    },
    "14": {
        "map": 0.05821251310187753,
        "P_5": 1.0,
        "P_10": 0.8,
        "P_15": 0.8,
        "P_20": 0.85
    },
    "15": {
        "map": 0.002364066193853428,
        "P_5": 0.2,
        "P_10": 0.1,
        "P_15": 0.06666666666666667,
        "P_20": 0.05
    },
    "16": {
        "map": 0.005399696484967802,
        "P_5": 0.2,
        "P_10": 0.4,
        "P_15": 0.3333333333333333,
        "P_20": 0.3
    },
    "17": {
        "map": 0.0038745311574652896,
        "P_5": 0.2,
        "P_10": 0.4,
        "P_15": 0.4666666666666667,
        "P_20": 0.35
    },
    "18": {
        "map": 0.007747786433623826,
        "P_5": 0.4,
        "P_10": 0.4,
        "P_15": 0.4666666666666667,
        "P_20": 0.45
    },
    "19": {
        "map": 0.05913191656225713,
        "P_5": 0.6,
        "P_10": 0.5,
        "P_15": 0.5333333333333333,
        "P_20": 0.55
    },
    "20": {
        "map": 0.017427224647197655,
        "P_5": 0.8,
        "P_10": 0.7,
        "P_15": 0.7333333333333333,
        "P_20": 0.75
    },
    "21": {
        "map": 0.021114984755335634,
        "P_5": 1.0,
        "P_10": 0.9,
        "P_15": 0.7333333333333333,
        "P_20": 0.75
    },
    "22": {
        "map": 0.016500070532067947,
        "P_5": 0.8,
        "P_10": 0.7,
        "P_15": 0.6666666666666666,
        "P_20": 0.55
    },
    "23": {
        "map": 0.002454248829621223,
        "P_5": 0.2,
        "P_10": 0.2,
        "P_15": 0.13333333333333333,
        "P_20": 0.2
    },
    "24": {
        "map": 0.022963754237414695,
        "P_5": 0.8,
        "P_10": 0.7,
        "P_15": 0.6666666666666666,
        "P_20": 0.65
    },
    "25": {
        "map": 0.00028852850462640536,
        "P_5": 0.0,
        "P_10": 0.0,
        "P_15": 0.0,
        "P_20": 0.1
    },
    "26": {
        "map": 0.015675010589632506,
        "P_5": 1.0,
        "P_10": 0.9,
        "P_15": 0.6666666666666666,
        "P_20": 0.7
    },
    "27": {
        "map": 0.0011485373676186396,
        "P_5": 0.0,
        "P_10": 0.2,
        "P_15": 0.2,
        "P_20": 0.2
    },
    "28": {
        "map": 0.00022686025408348456,
        "P_5": 0.0,
        "P_10": 0.1,
        "P_15": 0.06666666666666667,
        "P_20": 0.05
    },
    "29": {
        "map": 0.01718105971330091,
        "P_5": 1.0,
        "P_10": 0.8,
        "P_15": 0.6666666666666666,
        "P_20": 0.6
    },
    "30": {
        "map": 0.04102884397002045,
        "P_5": 1.0,
        "P_10": 1.0,
        "P_15": 0.8666666666666667,
        "P_20": 0.8
    },
    "31": {
        "map": 0.0025096677008858313,
        "P_5": 0.2,
        "P_10": 0.1,
        "P_15": 0.13333333333333333,
        "P_20": 0.2
    },
    "32": {
        "map": 0.005528322440087146,
        "P_5": 0.2,
        "P_10": 0.2,
        "P_15": 0.2,
        "P_20": 0.25
    },
    "33": {
        "map": 0.024864785274037945,
        "P_5": 0.6,
        "P_10": 0.6,
        "P_15": 0.6,
        "P_20": 0.5
    },
    "34": {
        "map": 0.0126453488372093,
        "P_5": 0.4,
        "P_10": 0.4,
        "P_15": 0.26666666666666666,
        "P_20": 0.2
    },
    "35": {
        "map": 0.004306829765545362,
        "P_5": 0.2,
        "P_10": 0.2,
        "P_15": 0.26666666666666666,
        "P_20": 0.2
    },
    "36": {
        "map": 0.007659248455562675,
        "P_5": 0.4,
        "P_10": 0.4,
        "P_15": 0.4666666666666667,
        "P_20": 0.45
    },
    "37": {
        "map": 0.0053371220282984995,
        "P_5": 0.4,
        "P_10": 0.3,
        "P_15": 0.26666666666666666,
        "P_20": 0.3
    },
    "38": {
        "map": 0.0007098679387500129,
        "P_5": 0.0,
        "P_10": 0.1,
        "P_15": 0.06666666666666667,
        "P_20": 0.25
    },
    "39": {
        "map": 0.023255813953488372,
        "P_5": 1.0,
        "P_10": 1.0,
        "P_15": 1.0,
        "P_20": 1.0
    },
    "40": {
        "map": 0.013035143534884608,
        "P_5": 0.4,
        "P_10": 0.6,
        "P_15": 0.5333333333333333,
        "P_20": 0.55
    },
    "41": {
        "map": 0.0001607717041800643,
        "P_5": 0.0,
        "P_10": 0.0,
        "P_15": 0.0,
        "P_20": 0.05
    },
    "42": {
        "map": 0.050188655782433256,
        "P_5": 0.6,
        "P_10": 0.8,
        "P_15": 0.8666666666666667,
        "P_20": 0.8
    },
    "43": {
        "map": 0.016776460254721123,
        "P_5": 0.6,
        "P_10": 0.4,
        "P_15": 0.26666666666666666,
        "P_20": 0.3
    },
    "44": {
        "map": 0.011879140528208853,
        "P_5": 0.8,
        "P_10": 0.5,
        "P_15": 0.5333333333333333,
        "P_20": 0.45
    },
    "45": {
        "map": 0.011596065225097483,
        "P_5": 1.0,
        "P_10": 0.7,
        "P_15": 0.6,
        "P_20": 0.55
    },
    "46": {
        "map": 0.04411801370133287,
        "P_5": 0.4,
        "P_10": 0.6,
        "P_15": 0.7333333333333333,
        "P_20": 0.65
    },
    "47": {
        "map": 0.0,
        "P_5": 0.0,
        "P_10": 0.0,
        "P_15": 0.0,
        "P_20": 0.0
    },
    "48": {
        "map": 0.026435329560329564,
        "P_5": 0.8,
        "P_10": 0.8,
        "P_15": 0.8,
        "P_20": 0.7
    },
    "49": {
        "map": 0.0007462094149400651,
        "P_5": 0.0,
        "P_10": 0.0,
        "P_15": 0.06666666666666667,
        "P_20": 0.1
    },
    "50": {
        "map": 0.0,
        "P_5": 0.0,
        "P_10": 0.0,
        "P_15": 0.0,
        "P_20": 0.0
    }
}