{
    "1": {
        "map": 0.0034167513159109797,
        "P_5": 0.4,
        "P_10": 0.2,
        "P_15": 0.13333333333333333,
        "P_20": 0.15,
        "P_30": 0.1,
        "P_100": 0.03,
        "P_200": 0.015,
        "P_500": 0.006,
        "P_1000": 0.003
    },
    "2": {
        "map": 0.003066975487357653,
        "P_5": 0.2,
        "P_10": 0.2,
        "P_15": 0.13333333333333333,
        "P_20": 0.1,
        "P_30": 0.13333333333333333,
        "P_100": 0.04,
        "P_200": 0.02,
        "P_500": 0.008,
        "P_1000": 0.004
    },
    "3": {
        "map": 0.0050431082270738035,
        "P_5": 0.4,
        "P_10": 0.2,
        "P_15": 0.26666666666666666,
        "P_20": 0.25,
        "P_30": 0.3333333333333333,
        "P_100": 0.1,
        "P_200": 0.05,
        "P_500": 0.02,
        "P_1000": 0.01
    },
    "4": {
        "map": 0.00011119759813188036,
        "P_5": 0.0,
        "P_10": 0.0,
        "P_15": 0.0,
        "P_20": 0.05,
        "P_30": 0.03333333333333333,
        "P_100": 0.01,
        "P_200": 0.005,
        "P_500": 0.002,
        "P_1000": 0.001
    },
    "5": {
        "map": 0.011651283634775128,
        "P_5": 0.4,
        "P_10": 0.6,
        "P_15": 0.4666666666666667,
        "P_20": 0.55,
        "P_30": 0.43333333333333335,
        "P_100": 0.13,
        "P_200": 0.065,
        "P_500": 0.026,
        "P_1000": 0.013
    },
    "6": {
        "map": 0.002549404129010572,
        "P_5": 0.2,
        "P_10": 0.1,
        "P_15": 0.2,
        "P_20": 0.2,
        "P_30": 0.3,
        "P_100": 0.09,
        "P_200": 0.045,
        "P_500": 0.018,
        "P_1000": 0.009
    },
    "7": {
        "map": 0.0268456445772884,
        "P_5": 0.8,
        "P_10": 0.7,
        "P_15": 0.6666666666666666,
        "P_20": 0.7,
        "P_30": 0.6,
        "P_100": 0.18,
        "P_200": 0.09,
        "P_500": 0.036,
        "P_1000": 0.018
    },
    "8": {
        "map": 0.02013269794547877,
        "P_5": 1.0,
        "P_10": 0.8,
        "P_15": 0.6666666666666666,
        "P_20": 0.55,
        "P_30": 0.5666666666666667,
        "P_100": 0.17,
        "P_200": 0.085,
        "P_500": 0.034,
        "P_1000": 0.017
    },
    "9": {
        "map": 0.023214112080758215,
        "P_5": 0.4,
        "P_10": 0.4,
        "P_15": 0.3333333333333333,
        "P_20": 0.35,
        "P_30": 0.36666666666666664,
        "P_100": 0.11,
        "P_200": 0.055,
        "P_500": 0.022,
        "P_1000": 0.011
    },
    "10": {
        "map": 0.03880703084717938,
        "P_5": 1.0,
        "P_10": 0.8,
        "P_15": 0.7333333333333333,
        "P_20": 0.75,
        "P_30": 0.7333333333333333,
        "P_100": 0.22,
        "P_200": 0.11,
        "P_500": 0.044,
        "P_1000": 0.022
    },
    "11": {
        "map": 0.009047147285618411,
        "P_5": 0.6,
        "P_10": 0.3,
        "P_15": 0.4,
        "P_20": 0.3,
        "P_30": 0.26666666666666666,
        "P_100": 0.08,
        "P_200": 0.04,
        "P_500": 0.016,
        "P_1000": 0.008
    },
    "12": {
        "map": 0.007296136450698993,
        "P_5": 0.6,
        "P_10": 0.3,
        "P_15": 0.3333333333333333,
        "P_20": 0.35,
        "P_30": 0.36666666666666664,
        "P_100": 0.11,
        "P_200": 0.055,
        "P_500": 0.022,
        "P_1000": 0.011
    },
    "13": {
        "map": 0.01473518499899951,
        "P_5": 0.8,
        "P_10": 0.7,
        "P_15": 0.5333333333333333,
        "P_20": 0.55,
        "P_30": 0.6,
        "P_100": 0.18,
        "P_200": 0.09,
        "P_500": 0.036,
        "P_1000": 0.018
    },
    "14": {
        "map": 0.061297465663345,
        "P_5": 0.6,
        "P_10": 0.8,
        "P_15": 0.7333333333333333,
        "P_20": 0.75,
        "P_30": 0.6666666666666666,
        "P_100": 0.2,
        "P_200": 0.1,
        "P_500": 0.04,
        "P_1000": 0.02
    },
    "15": {
        "map": 0.002364066193853428,
        "P_5": 0.2,
        "P_10": 0.1,
        "P_15": 0.06666666666666667,
        "P_20": 0.05,
        "P_30": 0.03333333333333333,
        "P_100": 0.01,
        "P_200": 0.005,
        "P_500": 0.002,
        "P_1000": 0.001
    },
    "16": {
        "map": 0.0035380323018021913,
        "P_5": 0.2,
        "P_10": 0.2,
        "P_15": 0.2,
        "P_20": 0.25,
        "P_30": 0.16666666666666666,
        "P_100": 0.05,
        "P_200": 0.025,
        "P_500": 0.01,
        "P_1000": 0.005
    },
    "17": {
        "map": 0.016161936711988664,
        "P_5": 0.6,
        "P_10": 0.5,
        "P_15": 0.6,
        "P_20": 0.6,
        "P_30": 0.6,
        "P_100": 0.18,
        "P_200": 0.09,
        "P_500": 0.036,
        "P_1000": 0.018
    },
    "18": {
        "map": 0.017261764408870065,
        "P_5": 0.8,
        "P_10": 0.5,
        "P_15": 0.5333333333333333,
        "P_20": 0.55,
        "P_30": 0.5666666666666667,
        "P_100": 0.17,
        "P_200": 0.085,
        "P_500": 0.034,
        "P_1000": 0.017
    },
    "19": {
        "map": 0.10372116022270819,
        "P_5": 0.8,
        "P_10": 0.7,
        "P_15": 0.6,
        "P_20": 0.65,
        "P_30": 0.5,
        "P_100": 0.15,
        "P_200": 0.075,
        "P_500": 0.03,
        "P_1000": 0.015
    },
    "20": {
        "map": 0.03245351469114057,
        "P_5": 1.0,
        "P_10": 1.0,
        "P_15": 0.9333333333333333,
        "P_20": 0.95,
        "P_30": 0.8,
        "P_100": 0.24,
        "P_200": 0.12,
        "P_500": 0.048,
        "P_1000": 0.024
    },
    "21": {
        "map": 0.014131375284706184,
        "P_5": 0.8,
        "P_10": 0.6,
        "P_15": 0.4666666666666667,
        "P_20": 0.5,
        "P_30": 0.43333333333333335,
        "P_100": 0.13,
        "P_200": 0.065,
        "P_500": 0.026,
        "P_1000": 0.013
    },
    "22": {
        "map": 0.029794564690717132,
        "P_5": 0.8,
        "P_10": 0.7,
        "P_15": 0.7333333333333333,
        "P_20": 0.7,
        "P_30": 0.7,
        "P_100": 0.21,
        "P_200": 0.105,
        "P_500": 0.042,
        "P_1000": 0.021
    },
    "23": {
        "map": 0.026114357966320244,
        "P_5": 0.8,
        "P_10": 0.7,
        "P_15": 0.5333333333333333,
        "P_20": 0.5,
        "P_30": 0.4666666666666667,
        "P_100": 0.14,
        "P_200": 0.07,
        "P_500": 0.028,
        "P_1000": 0.014
    },
    "24": {
        "map": 0.06790501882832832,
        "P_5": 1.0,
        "P_10": 1.0,
        "P_15": 1.0,
        "P_20": 0.95,
        "P_30": 0.9333333333333333,
        "P_100": 0.28,
        "P_200": 0.14,
        "P_500": 0.056,
        "P_1000": 0.028
    },
    "25": {
        "map": 0.012597933534776326,
        "P_5": 1.0,
        "P_10": 0.5,
        "P_15": 0.3333333333333333,
        "P_20": 0.35,
        "P_30": 0.3333333333333333,
        "P_100": 0.1,
        "P_200": 0.05,
        "P_500": 0.02,
        "P_1000": 0.01
    },
    "26": {
        "map": 0.004178267993858497,
        "P_5": 0.4,
        "P_10": 0.4,
        "P_15": 0.3333333333333333,
        "P_20": 0.3,
        "P_30": 0.3,
        "P_100": 0.09,
        "P_200": 0.045,
        "P_500": 0.018,
        "P_1000": 0.009
    },
    "27": {
        "map": 0.0032445397247978297,
        "P_5": 0.0,
        "P_10": 0.3,
        "P_15": 0.3333333333333333,
        "P_20": 0.3,
        "P_30": 0.3,
        "P_100": 0.09,
        "P_200": 0.045,
        "P_500": 0.018,
        "P_1000": 0.009
    },
    "28": {
        "map": 0.03698853699053022,
        "P_5": 0.8,
        "P_10": 0.7,
        "P_15": 0.8,
        "P_20": 0.85,
        "P_30": 0.8333333333333334,
        "P_100": 0.25,
        "P_200": 0.125,
        "P_500": 0.05,
        "P_1000": 0.025
    },
    "29": {
        "map": 0.03231258680544778,
        "P_5": 1.0,
        "P_10": 0.8,
        "P_15": 0.8,
        "P_20": 0.8,
        "P_30": 0.7666666666666667,
        "P_100": 0.23,
        "P_200": 0.115,
        "P_500": 0.046,
        "P_1000": 0.023
    },