{
    "1": {
        "map": 0.0010846296560582274,
        "P_10": 0.1
    },
    "2": {
        "map": 0.01865582345379096,
        "P_10": 0.3
    },
    "3": {
        "map": 0.0045798735837144985,
        "P_10": 0.2
    },
    "4": {
        "map": 0.0055514030541144645,
        "P_10": 0.3
    },
    "5": {
        "map": 0.02469737724026245,
        "P_10": 0.6
    },
    "6": {
        "map": 0.006212602435198742,
        "P_10": 0.4
    },
    "7": {
        "map": 0.04415755314505991,
        "P_10": 0.6
    },
    "8": {
        "map": 0.011640811144751628,
        "P_10": 0.2
    },
    "9": {
        "map": 0.00879091278392867,
        "P_10": 0.1
    },
    "10": {
        "map": 0.02896248969901823,
        "P_10": 0.7
    },
    "11": {
        "map": 0.001205862410681688,
        "P_10": 0.1
    },
    "12": {
        "map": 0.01276815459036367,
        "P_10": 0.6
    },
    "13": {
        "map": 0.012411988419430751,
        "P_10": 0.4
    },
    "14": {
        "map": 0.13550505438111202,
        "P_10": 1.0
    },
    "15": {
        "map": 0.0024884907303720292,
        "P_10": 0.1
    },
    "16": {
        "map": 0.008974057811267111,
        "P_10": 0.2
    },
    "17": {
        "map": 0.0061945093431788395,
        "P_10": 0.1
    },
    "18": {
        "map": 0.04121838770484146,
        "P_10": 0.6
    },
    "19": {
        "map": 0.06340802244935845,
        "P_10": 0.6
    },
    "20": {
        "map": 0.0518117167350757,
        "P_10": 1.0
    },
    "21": {
        "map": 0.011343538335229232,
        "P_10": 0.6
    },
    "22": {
        "map": 0.009637896078014761,
        "P_10": 0.3
    },
    "23": {
        "map": 0.017943599944233425,
        "P_10": 0.5
    },
    "24": {
        "map": 0.045740005786946765,
        "P_10": 0.9
    },
    "25": {
        "map": 0.003840152705937205,
        "P_10": 0.4
    },
    "26": {
        "map": 0.025236208739267806,
        "P_10": 0.9
    },
    "27": {
        "map": 0.0024584610517391246,
        "P_10": 0.2
    },
    "28": {
        "map": 0.047167128507457086,
        "P_10": 0.9
    },
    "29": {
        "map": 0.044200647986592144,
        "P_10": 0.9
    },
    "30": {
        "map": 0.10329971418237958,
        "P_10": 1.0
    },
    "31": {
        "map": 0.001837150062702332,
        "P_10": 0.0
    },
    "32": {
        "map": 0.007439335887611749,
        "P_10": 0.2
    },
    "33": {
        "map": 0.0535871485221691,
        "P_10": 0.6
    },
    "34": {
        "map": 0.01640046000511117,
        "P_10": 0.4
    },
    "35": {
        "map": 0.003989548071212789,
        "P_10": 0.0
    },
    "36": {
        "map": 0.04610553118483739,
        "P_10": 0.8
    },
    "37": {
        "map": 0.03444605864239804,
        "P_10": 0.5
    },
    "38": {
        "map": 0.009484109300134368,
        "P_10": 0.6
    },
    "39": {
        "map": 0.055256595356451034,
        "P_10": 1.0
    },
    "40": {
        "map": 0.053464135975449516,
        "P_10": 1.0
    },
    "41": {
        "map": 0.0460452498857595,
        "P_10": 0.6
    },
    "42": {
        "map": 0.17050425859711765,
        "P_10": 0.9
    },
    "43": {
        "map": 0.03905191717651003,
        "P_10": 0.7
    },
    "44": {
        "map": 0.0767107368424424,
        "P_10": 0.9
    },
    "45": {
        "map": 0.01962295912573844,
        "P_10": 0.7
    },
    "46": {
        "map": 0.06710668838144306,
        "P_10": 0.6
    },
    "47": {
        "map": 0.0008814825018366392,
        "P_10": 0.1
    },
    "48": {
        "map": 0.05541176681701248,
        "P_10": 0.8
    },
    "49": {
        "map": 0.005116046996061588,
        "P_10": 0.0
    },
    "50": {
        "map": 0.02383124150065305,
        "P_10": 0.3
    }
}