{
    "1": {
        "map": 0.0035699082634930144,
        "P_5": 0.4,
        "P_10": 0.2,
        "P_15": 0.13333333333333333,
        "P_20": 0.15,
        "P_30": 0.1,
        "P_100": 0.04,
        "P_200": 0.02,
        "P_500": 0.008,
        "P_1000": 0.004
    },
    "2": {
        "map": 0.004070594839035357,
        "P_5": 0.2,
        "P_10": 0.2,
        "P_15": 0.13333333333333333,
        "P_20": 0.1,
        "P_30": 0.13333333333333333,
        "P_100": 0.06,
        "P_200": 0.03,
        "P_500": 0.012,
        "P_1000": 0.006
    },
    "3": {
        "map": 0.007808142253212345,
        "P_5": 0.4,
        "P_10": 0.2,
        "P_15": 0.26666666666666666,
        "P_20": 0.25,
        "P_30": 0.3333333333333333,
        "P_100": 0.15,
        "P_200": 0.075,
        "P_500": 0.03,
        "P_1000": 0.015
    },
    "4": {
        "map": 0.00038239513585080413,
        "P_5": 0.0,
        "P_10": 0.0,
        "P_15": 0.0,
        "P_20": 0.05,
        "P_30": 0.03333333333333333,
        "P_100": 0.03,
        "P_200": 0.015,
        "P_500": 0.006,
        "P_1000": 0.003
    },
    "5": {
        "map": 0.013546638970187668,
        "P_5": 0.4,
        "P_10": 0.6,
        "P_15": 0.4666666666666667,
        "P_20": 0.55,
        "P_30": 0.43333333333333335,
        "P_100": 0.16,
        "P_200": 0.08,
        "P_500": 0.032,
        "P_1000": 0.016
    },
    "6": {
        "map": 0.005919090170179571,
        "P_5": 0.2,
        "P_10": 0.1,
        "P_15": 0.2,
        "P_20": 0.2,
        "P_30": 0.3,
        "P_100": 0.18,
        "P_200": 0.09,
        "P_500": 0.036,
        "P_1000": 0.018
    },
    "7": {
        "map": 0.039015939095309635,
        "P_5": 0.8,
        "P_10": 0.7,
        "P_15": 0.6666666666666666,
        "P_20": 0.7,
        "P_30": 0.6,
        "P_100": 0.28,
        "P_200": 0.14,
        "P_500": 0.056,
        "P_1000": 0.028
    },
    "8": {
        "map": 0.02570395013718254,
        "P_5": 1.0,
        "P_10": 0.8,
        "P_15": 0.6666666666666666,
        "P_20": 0.55,
        "P_30": 0.5666666666666667,
        "P_100": 0.24,
        "P_200": 0.12,
        "P_500": 0.048,
        "P_1000": 0.024
    },
    "9": {
        "map": 0.028393746803805305,
        "P_5": 0.4,
        "P_10": 0.4,
        "P_15": 0.3333333333333333,
        "P_20": 0.35,
        "P_30": 0.36666666666666664,
        "P_100": 0.14,
        "P_200": 0.07,
        "P_500": 0.028,
        "P_1000": 0.014
    },
    "10": {
        "map": 0.058938859292394286,
        "P_5": 1.0,
        "P_10": 0.8,
        "P_15": 0.7333333333333333,
        "P_20": 0.75,
        "P_30": 0.7333333333333333,
        "P_100": 0.35,
        "P_200": 0.175,
        "P_500": 0.07,
        "P_1000": 0.035
    },
    "11": {
        "map": 0.010226866161120418,
        "P_5": 0.6,
        "P_10": 0.3,
        "P_15": 0.4,
        "P_20": 0.3,
        "P_30": 0.26666666666666666,
        "P_100": 0.1,
        "P_200": 0.05,
        "P_500": 0.02,
        "P_1000": 0.01
    },
    "12": {
        "map": 0.009127165270364175,
        "P_5": 0.6,
        "P_10": 0.3,
        "P_15": 0.3333333333333333,
        "P_20": 0.35,
        "P_30": 0.36666666666666664,
        "P_100": 0.14,
        "P_200": 0.07,
        "P_500": 0.028,
        "P_1000": 0.014
    },
    "13": {
        "map": 0.020810189096781544,
        "P_5": 0.8,
        "P_10": 0.7,
        "P_15": 0.5333333333333333,
        "P_20": 0.55,
        "P_30": 0.6,
        "P_100": 0.27,
        "P_200": 0.135,
        "P_500": 0.054,
        "P_1000": 0.027
    },
    "14": {
        "map": 0.08466731759133753,
        "P_5": 0.6,
        "P_10": 0.8,
        "P_15": 0.7333333333333333,
        "P_20": 0.75,
        "P_30": 0.6666666666666666,
        "P_100": 0.29,
        "P_200": 0.145,
        "P_500": 0.058,
        "P_1000": 0.029
    },
    "15": {
        "map": 0.0026870842473679353,
        "P_5": 0.2,
        "P_10": 0.1,
        "P_15": 0.06666666666666667,
        "P_20": 0.05,
        "P_30": 0.03333333333333333,
        "P_100": 0.03,
        "P_200": 0.015,
        "P_500": 0.006,
        "P_1000": 0.003
    },
    "16": {
        "map": 0.0044098201992938835,
        "P_5": 0.2,
        "P_10": 0.2,
        "P_15": 0.2,
        "P_20": 0.25,
        "P_30": 0.16666666666666666,
        "P_100": 0.07,
        "P_200": 0.035,
        "P_500": 0.014,
        "P_1000": 0.007
    },
    "17": {
        "map": 0.024230386446055137,
        "P_5": 0.6,
        "P_10": 0.5,
        "P_15": 0.6,
        "P_20": 0.6,
        "P_30": 0.6,
        "P_100": 0.27,
        "P_200": 0.135,
        "P_500": 0.054,
        "P_1000": 0.027
    },
    "18": {
        "map": 0.024915098389969456,
        "P_5": 0.8,
        "P_10": 0.5,
        "P_15": 0.5333333333333333,
        "P_20": 0.55,
        "P_30": 0.5666666666666667,
        "P_100": 0.26,
        "P_200": 0.13,
        "P_500": 0.052,
        "P_1000": 0.026
    },
    "19": {
        "map": 0.11108626842815253,
        "P_5": 0.8,
        "P_10": 0.7,
        "P_15": 0.6,
        "P_20": 0.65,
        "P_30": 0.5,
        "P_100": 0.17,
        "P_200": 0.085,
        "P_500": 0.034,
        "P_1000": 0.017
    },
    "20": {
        "map": 0.046944800360236336,
        "P_5": 1.0,
        "P_10": 1.0,
        "P_15": 0.9333333333333333,
        "P_20": 0.95,
        "P_30": 0.8,
        "P_100": 0.37,
        "P_200": 0.185,
        "P_500": 0.074,
        "P_1000": 0.037
    },
    "21": {
        "map": 0.017223604632749485,
        "P_5": 0.8,
        "P_10": 0.6,
        "P_15": 0.4666666666666667,
        "P_20": 0.5,
        "P_30": 0.43333333333333335,
        "P_100": 0.18,
        "P_200": 0.09,
        "P_500": 0.036,
        "P_1000": 0.018
    },
    "22": {
        "map": 0.045832601453883036,
        "P_5": 0.8,
        "P_10": 0.7,
        "P_15": 0.7333333333333333,
        "P_20": 0.7,
        "P_30": 0.7,
        "P_100": 0.34,
        "P_200": 0.17,
        "P_500": 0.068,
        "P_1000": 0.034
    },
    "23": {
        "map": 0.03171239386143806,
        "P_5": 0.8,
        "P_10": 0.7,
        "P_15": 0.5333333333333333,
        "P_20": 0.5,
        "P_30": 0.4666666666666667,
        "P_100": 0.19,
        "P_200": 0.095,
        "P_500": 0.038,
        "P_1000": 0.019
    },
    "24": {
        "map": 0.09309213873829225,
        "P_5": 1.0,
        "P_10": 1.0,
        "P_15": 1.0,
        "P_20": 0.95,
        "P_30": 0.9333333333333333,
        "P_100": 0.4,
        "P_200": 0.2,
        "P_500": 0.08,
        "P_1000": 0.04
    },
    "25": {
        "map": 0.017681088233773835,
        "P_5": 1.0,
        "P_10": 0.5,
        "P_15": 0.3333333333333333,
        "P_20": 0.35,
        "P_30": 0.3333333333333333,
        "P_100": 0.17,
        "P_200": 0.085,
        "P_500": 0.034,
        "P_1000": 0.017
    },
    "26": {
        "map": 0.006436569292013573,
        "P_5": 0.4,
        "P_10": 0.4,
        "P_15": 0.3333333333333333,
        "P_20": 0.3,
        "P_30": 0.3,
        "P_100": 0.15,
        "P_200": 0.075,
        "P_500": 0.03,
        "P_1000": 0.015
    },
    "27": {
        "map": 0.007964177269269688,
        "P_5": 0.0,
        "P_10": 0.3,
        "P_15": 0.3333333333333333,
        "P_20": 0.3,
        "P_30": 0.3,
        "P_100": 0.2,
        "P_200": 0.1,
        "P_500": 0.04,
        "P_1000": 0.02
    },
    "28": {
        "map": 0.06341556181163008,
        "P_5": 0.8,
        "P_10": 0.7,
        "P_15": 0.8,
        "P_20": 0.85,
        "P_30": 0.8333333333333334,
        "P_100": 0.42,
        "P_200": 0.21,
        "P_500": 0.084,
        "P_1000": 0.042
    },
    "29": {
        "map": 0.04494592759692207,
        "P_5": 1.0,
        "P_10": 0.8,
        "P_15": 0.8,
        "P_20": 0.8,
        "P_30": 0.7666666666666667,
        "P_100": 0.33,
        "P_200": 0.165,
        "P_500": 0.066,
        "P_1000": 0.033
    },