{
    "1": {
        "map": 0.0009419152276295133,
        "P_10": 0.1
    },
    "2": {
        "map": 0.014612871251835864,
        "P_10": 0.3
    },
    "3": {
        "map": 0.002724239666914826,
        "P_10": 0.2
    },
    "4": {
        "map": 0.004163925942167256,
        "P_10": 0.3
    },
    "5": {
        "map": 0.01651826750755904,
        "P_10": 0.6
    },
    "6": {
        "map": 0.004301815616757652,
        "P_10": 0.4
    },
    "7": {
        "map": 0.027625883139376393,
        "P_10": 0.6
    },
    "8": {
        "map": 0.00907238998069376,
        "P_10": 0.2
    },
    "9": {
        "map": 0.00425707133437346,
        "P_10": 0.1
    },
    "10": {
        "map": 0.018512767425810907,
        "P_10": 0.7
    },
    "11": {
        "map": 0.000986804360298336,
        "P_10": 0.1
    },
    "12": {
        "map": 0.01001341368309926,
        "P_10": 0.6
    },
    "13": {
        "map": 0.007579996534120124,
        "P_10": 0.4
    },
    "14": {
        "map": 0.09760309343817523,
        "P_10": 1.0
    },
    "15": {
        "map": 0.002364066193853428,
        "P_10": 0.1
    },
    "16": {
        "map": 0.006906874348734813,
        "P_10": 0.2
    },
    "17": {
        "map": 0.0028966428997129847,
        "P_10": 0.1
    },
    "18": {
        "map": 0.022086446139151193,
        "P_10": 0.6
    },
    "19": {
        "map": 0.06129953097916485,
        "P_10": 0.6
    },
    "20": {
        "map": 0.033173947403119367,
        "P_10": 1.0
    },
    "21": {
        "map": 0.009639110905620508,
        "P_10": 0.6
    },
    "22": {
        "map": 0.0051695372129935075,
        "P_10": 0.3
    },
    "23": {
        "map": 0.014947316834109286,
        "P_10": 0.5
    },
    "24": {
        "map": 0.03409422287418639,
        "P_10": 0.9
    },
    "25": {
        "map": 0.003840152705937205,
        "P_10": 0.4
    },
    "26": {
        "map": 0.016389990588045803,
        "P_10": 0.9
    },
    "27": {
        "map": 0.0014712284186296591,
        "P_10": 0.2
    },
    "28": {
        "map": 0.03482008443901483,
        "P_10": 0.9
    },
    "29": {
        "map": 0.03256459302500445,
        "P_10": 0.9
    },
    "30": {
        "map": 0.06748574482952921,
        "P_10": 1.0
    },
    "31": {
        "map": 0.0008151930818547786,
        "P_10": 0.0
    },
    "32": {
        "map": 0.006486176846217414,
        "P_10": 0.2
    },
    "33": {
        "map": 0.034573229364001236,
        "P_10": 0.6
    },
    "34": {
        "map": 0.01640046000511117,
        "P_10": 0.4
    },
    "35": {
        "map": 0.0025943762114064217,
        "P_10": 0.0
    },
    "36": {
        "map": 0.028675112711875176,
        "P_10": 0.8
    },
    "37": {
        "map": 0.021423776569975402,
        "P_10": 0.5
    },
    "38": {
        "map": 0.006627695653737761,
        "P_10": 0.6
    },
    "39": {
        "map": 0.032587081644135985,
        "P_10": 1.0
    },
    "40": {
        "map": 0.0381072738465445,
        "P_10": 1.0
    },
    "41": {
        "map": 0.033835464053957036,
        "P_10": 0.6
    },
    "42": {
        "map": 0.10619853660976623,
        "P_10": 0.9
    },
    "43": {
        "map": 0.031277721944888356,
        "P_10": 0.7
    },
    "44": {
        "map": 0.051314001432955114,
        "P_10": 0.9
    },
    "45": {
        "map": 0.012042289147285036,
        "P_10": 0.7
    },
    "46": {
        "map": 0.0493295821601659,
        "P_10": 0.6
    },
    "47": {
        "map": 0.00029761904761904765,
        "P_10": 0.1
    },
    "48": {
        "map": 0.03214082780779696,
        "P_10": 0.8
    },
    "49": {
        "map": 0.0027427213662031477,
        "P_10": 0.0
    },
    "50": {
        "map": 0.02191952791010734,
        "P_10": 0.3
    }
}