{
    "1": {
        "map": 0.0009419152276295133,
        "P_5": 0.2,
        "P_10": 0.1,
        "P_15": 0.06666666666666667,
        "P_20": 0.1
    },
    "2": {
        "map": 0.011073211372949103,
        "P_5": 0.4,
        "P_10": 0.3,
        "P_15": 0.4,
        "P_20": 0.4
    },
    "3": {
        "map": 0.0015127388535031846,
        "P_5": 0.2,
        "P_10": 0.2,
        "P_15": 0.2,
        "P_20": 0.2
    },
    "4": {
        "map": 0.0038380019476427795,
        "P_5": 0.4,
        "P_10": 0.3,
        "P_15": 0.26666666666666666,
        "P_20": 0.2
    },
    "5": {
        "map": 0.01298468064812696,
        "P_5": 0.6,
        "P_10": 0.6,
        "P_15": 0.6,
        "P_20": 0.6
    },
    "6": {
        "map": 0.0035788402952421847,
        "P_5": 0.6,
        "P_10": 0.4,
        "P_15": 0.26666666666666666,
        "P_20": 0.35
    },
    "7": {
        "map": 0.018013180513180516,
        "P_5": 0.6,
        "P_10": 0.6,
        "P_15": 0.6666666666666666,
        "P_20": 0.65
    },
    "8": {
        "map": 0.005901805291121728,
        "P_5": 0.2,
        "P_10": 0.2,
        "P_15": 0.4,
        "P_20": 0.5
    },
    "9": {
        "map": 0.0022529672360285234,
        "P_5": 0.0,
        "P_10": 0.1,
        "P_15": 0.13333333333333333,
        "P_20": 0.15
    },
    "10": {
        "map": 0.016502088554720133,
        "P_5": 0.6,
        "P_10": 0.7,
        "P_15": 0.6,
        "P_20": 0.55
    },
    "11": {
        "map": 0.000986804360298336,
        "P_5": 0.0,
        "P_10": 0.1,
        "P_15": 0.13333333333333333,
        "P_20": 0.15
    },
    "12": {
        "map": 0.008774407979807842,
        "P_5": 0.6,
        "P_10": 0.6,
        "P_15": 0.4666666666666667,
        "P_20": 0.45
    },
    "13": {
        "map": 0.005358798652102133,
        "P_5": 0.4,
        "P_10": 0.4,
        "P_15": 0.4666666666666667,
        "P_20": 0.5
    },
    "14": {
        "map": 0.06930750318703333,
        "P_5": 1.0,
        "P_10": 1.0,
        "P_15": 0.9333333333333333,
        "P_20": 0.9
    },
    "15": {
        "map": 0.002364066193853428,
        "P_5": 0.2,
        "P_10": 0.1,
        "P_15": 0.06666666666666667,
        "P_20": 0.05
    },
    "16": {
        "map": 0.005289628545442498,
        "P_5": 0.2,
        "P_10": 0.2,
        "P_15": 0.3333333333333333,
        "P_20": 0.3
    },
    "17": {
        "map": 0.0009157797764794298,
        "P_5": 0.0,
        "P_10": 0.1,
        "P_15": 0.13333333333333333,
        "P_20": 0.2
    },
    "18": {
        "map": 0.014685841041685929,
        "P_5": 0.6,
        "P_10": 0.6,
        "P_15": 0.6,
        "P_20": 0.65
    },
    "19": {
        "map": 0.05352156667946142,
        "P_5": 0.6,
        "P_10": 0.6,
        "P_15": 0.4,
        "P_20": 0.4
    },
    "20": {
        "map": 0.023362448143149903,
        "P_5": 1.0,
        "P_10": 1.0,
        "P_15": 0.8666666666666667,
        "P_20": 0.85
    },
    "21": {
        "map": 0.0072839506172839505,
        "P_5": 0.6,
        "P_10": 0.6,
        "P_15": 0.4666666666666667,
        "P_20": 0.35
    },
    "22": {
        "map": 0.0024357408972793585,
        "P_5": 0.0,
        "P_10": 0.3,
        "P_15": 0.3333333333333333,
        "P_20": 0.25
    },
    "23": {
        "map": 0.014947316834109286,
        "P_5": 1.0,
        "P_10": 0.5,
        "P_15": 0.4,
        "P_20": 0.3
    },
    "24": {
        "map": 0.02636846861377867,
        "P_5": 0.8,
        "P_10": 0.9,
        "P_15": 0.7333333333333333,
        "P_20": 0.7
    },
    "25": {
        "map": 0.003840152705937205,
        "P_5": 0.0,
        "P_10": 0.4,
        "P_15": 0.3333333333333333,
        "P_20": 0.3
    },
    "26": {
        "map": 0.012921818256008489,
        "P_5": 1.0,
        "P_10": 0.9,
        "P_15": 0.6666666666666666,
        "P_20": 0.55
    },
    "27": {
        "map": 0.001188542906262168,
        "P_5": 0.0,
        "P_10": 0.2,
        "P_15": 0.13333333333333333,
        "P_20": 0.25
    },
    "28": {
        "map": 0.02555671571231516,
        "P_5": 1.0,
        "P_10": 0.9,
        "P_15": 0.8,
        "P_20": 0.75
    },
    "29": {
        "map": 0.026523233362955135,
        "P_5": 1.0,
        "P_10": 0.9,
        "P_15": 0.8666666666666667,
        "P_20": 0.85
    },
    "30": {
        "map": 0.04367964326555659,
        "P_5": 1.0,
        "P_10": 1.0,
        "P_15": 0.8,
        "P_20": 0.85
    },
    "31": {
        "map": 0.0004752497390785746,
        "P_5": 0.0,
        "P_10": 0.0,
        "P_15": 0.0,
        "P_20": 0.1
    },
    "32": {
        "map": 0.005528322440087146,
        "P_5": 0.2,
        "P_10": 0.2,
        "P_15": 0.2,
        "P_20": 0.25
    },
    "33": {
        "map": 0.02458006603914077,
        "P_5": 0.6,
        "P_10": 0.6,
        "P_15": 0.6,
        "P_20": 0.55
    },
    "34": {
        "map": 0.014119601328903657,
        "P_5": 0.4,
        "P_10": 0.4,
        "P_15": 0.26666666666666666,
        "P_20": 0.2
    },
    "35": {
        "map": 0.0017966099569189863,
        "P_5": 0.0,
        "P_10": 0.0,
        "P_15": 0.13333333333333333,
        "P_20": 0.15
    },
    "36": {
        "map": 0.01985738460760376,
        "P_5": 0.8,
        "P_10": 0.8,
        "P_15": 0.7333333333333333,
        "P_20": 0.8
    },
    "37": {
        "map": 0.015761064796152517,
        "P_5": 0.4,
        "P_10": 0.5,
        "P_15": 0.6,
        "P_20": 0.65
    },
    "38": {
        "map": 0.004874157505186221,
        "P_5": 0.4,
        "P_10": 0.6,
        "P_15": 0.6,
        "P_20": 0.55
    },
    "39": {
        "map": 0.02142109033457402,
        "P_5": 1.0,
        "P_10": 1.0,
        "P_15": 0.9333333333333333,
        "P_20": 0.95
    },
    "40": {
        "map": 0.028577138289368507,
        "P_5": 1.0,
        "P_10": 1.0,
        "P_15": 1.0,
        "P_20": 0.8
    },
    "41": {
        "map": 0.0237620049706299,
        "P_5": 0.8,
        "P_10": 0.6,
        "P_15": 0.6,
        "P_20": 0.5
    },
    "42": {
        "map": 0.07092836903781748,
        "P_5": 0.8,
        "P_10": 0.9,
        "P_15": 0.9333333333333333,
        "P_20": 0.95
    },
    "43": {
        "map": 0.025402737359259096,
        "P_5": 0.4,
        "P_10": 0.7,
        "P_15": 0.6,
        "P_20": 0.55
    },
    "44": {
        "map": 0.03468508641359246,
        "P_5": 1.0,
        "P_10": 0.9,
        "P_15": 0.9333333333333333,
        "P_20": 0.9
    },
    "45": {
        "map": 0.00900882271850014,
        "P_5": 1.0,
        "P_10": 0.7,
        "P_15": 0.4666666666666667,
        "P_20": 0.45
    },
    "46": {
        "map": 0.033983859816115805,
        "P_5": 0.4,
        "P_10": 0.6,
        "P_15": 0.6666666666666666,
        "P_20": 0.55
    },
    "47": {
        "map": 0.00029761904761904765,
        "P_5": 0.0,
        "P_10": 0.1,
        "P_15": 0.06666666666666667,
        "P_20": 0.05
    },
    "48": {
        "map": 0.0242862479704585,
        "P_5": 1.0,
        "P_10": 0.8,
        "P_15": 0.6666666666666666,
        "P_20": 0.6
    },
    "49": {
        "map": 0.0008897984606486631,
        "P_5": 0.0,
        "P_10": 0.0,
        "P_15": 0.13333333333333333,
        "P_20": 0.1
    },
    "50": {
        "map": 0.010089091341492417,
        "P_5": 0.2,
        "P_10": 0.3,
        "P_15": 0.26666666666666666,
        "P_20": 0.25
    }
}