{
    "1": {
        "map": 0.0,
        "P_10": 0.0
    },
    "2": {
        "map": 0.04243456311313192,
        "P_10": 0.4
    },
    "3": {
        "map": 0.010297677342355895,
        "P_10": 0.4
    },
    "4": {
        "map": 0.0023437379931455266,
        "P_10": 0.2
    },
    "5": {
        "map": 0.0043332862652895225,
        "P_10": 0.1
    },
    "6": {
        "map": 0.005864087352207036,
        "P_10": 0.3
    },
    "7": {
        "map": 0.025934043834175136,
        "P_10": 0.6
    },
    "8": {
        "map": 0.008206032452390403,
        "P_10": 0.4
    },
    "9": {
        "map": 0.013967655528858041,
        "P_10": 0.2
    },
    "10": {
        "map": 0.014976951388677284,
        "P_10": 0.6
    },
    "11": {
        "map": 0.001151111600989932,
        "P_10": 0.0
    },
    "12": {
        "map": 0.001550260770460214,
        "P_10": 0.0
    },
    "13": {
        "map": 0.016259818364585326,
        "P_10": 0.6
    },
    "14": {
        "map": 0.12504221555517467,
        "P_10": 0.8
    },
    "15": {
        "map": 0.002364066193853428,
        "P_10": 0.1
    },
    "16": {
        "map": 0.009367490839668965,
        "P_10": 0.4
    },
    "17": {
        "map": 0.008151590329117159,
        "P_10": 0.4
    },
    "18": {
        "map": 0.013430264096356963,
        "P_10": 0.4
    },
    "19": {
        "map": 0.0638322690886966,
        "P_10": 0.5
    },
    "20": {
        "map": 0.036266116750790944,
        "P_10": 0.7
    },
    "21": {
        "map": 0.039394059444971576,
        "P_10": 0.9
    },
    "22": {
        "map": 0.02242979198706759,
        "P_10": 0.7
    },
    "23": {
        "map": 0.0060810627276929275,
        "P_10": 0.2
    },
    "24": {
        "map": 0.03725777492967134,
        "P_10": 0.7
    },
    "25": {
        "map": 0.0004339407483373258,
        "P_10": 0.0
    },
    "26": {
        "map": 0.02807479743448281,
        "P_10": 0.9
    },
    "27": {
        "map": 0.005576681341106183,
        "P_10": 0.2
    },
    "28": {
        "map": 0.00036646656428870585,
        "P_10": 0.1
    },
    "29": {
        "map": 0.03036880571418224,
        "P_10": 0.8
    },
    "30": {
        "map": 0.08970055856084073,
        "P_10": 1.0
    },
    "31": {
        "map": 0.0058130064099307325,
        "P_10": 0.1
    },
    "32": {
        "map": 0.007439335887611749,
        "P_10": 0.2
    },
    "33": {
        "map": 0.04964754890932459,
        "P_10": 0.6
    },
    "34": {
        "map": 0.015514461598592922,
        "P_10": 0.4
    },
    "35": {
        "map": 0.006010421411065565,
        "P_10": 0.2
    },
    "36": {
        "map": 0.019714253684361582,
        "P_10": 0.4
    },
    "37": {
        "map": 0.010431937495662987,
        "P_10": 0.3
    },
    "38": {
        "map": 0.0015622649765156854,
        "P_10": 0.1
    },
    "39": {
        "map": 0.054812320893623846,
        "P_10": 1.0
    },
    "40": {
        "map": 0.021848190111309753,
        "P_10": 0.6
    },
    "41": {
        "map": 0.0010207727249527893,
        "P_10": 0.0
    },
    "42": {
        "map": 0.13195545999926,
        "P_10": 0.8
    },
    "43": {
        "map": 0.027232889258332314,
        "P_10": 0.4
    },
    "44": {
        "map": 0.026489943282811502,
        "P_10": 0.5
    },
    "45": {
        "map": 0.02072189154680558,
        "P_10": 0.7
    },
    "46": {
        "map": 0.07580920067879986,
        "P_10": 0.6
    },
    "47": {
        "map": 0.0,
        "P_10": 0.0
    },
    "48": {
        "map": 0.0598189522871978,
        "P_10": 0.8
    },
    "49": {
        "map": 0.0037826724967942884,
        "P_10": 0.0
    },
    "50": {
        "map": 0.0002516989680342311,
        "P_10": 0.0
    }
}