{
    "1": {
        "map": 0.0,
        "P_10": 0.0
    },
    "2": {
        "map": 0.02427089076602988,
        "P_10": 0.4
    },
    "3": {
        "map": 0.006724382505803309,
        "P_10": 0.4
    },
    "4": {
        "map": 0.0022054190296156265,
        "P_10": 0.2
    },
    "5": {
        "map": 0.0024996718807793724,
        "P_10": 0.1
    },
    "6": {
        "map": 0.004464393587561102,
        "P_10": 0.3
    },
    "7": {
        "map": 0.020747407945098693,
        "P_10": 0.6
    },
    "8": {
        "map": 0.0028651991468447166,
        "P_10": 0.4
    },
    "9": {
        "map": 0.010403852190919853,
        "P_10": 0.2
    },
    "10": {
        "map": 0.010698973541078802,
        "P_10": 0.6
    },
    "11": {
        "map": 0.0009052301158657619,
        "P_10": 0.0
    },
    "12": {
        "map": 0.0007927678382223836,
        "P_10": 0.0
    },
    "13": {
        "map": 0.00936773409529246,
        "P_10": 0.6
    },
    "14": {
        "map": 0.07386682880117075,
        "P_10": 0.8
    },
    "15": {
        "map": 0.002364066193853428,
        "P_10": 0.1
    },
    "16": {
        "map": 0.006261022927689594,
        "P_10": 0.4
    },
    "17": {
        "map": 0.005265837215300358,
        "P_10": 0.4
    },
    "18": {
        "map": 0.009206688465774266,
        "P_10": 0.4
    },
    "19": {
        "map": 0.0638322690886966,
        "P_10": 0.5
    },
    "20": {
        "map": 0.02341360506770716,
        "P_10": 0.7
    },
    "21": {
        "map": 0.029584206073668115,
        "P_10": 0.9
    },
    "22": {
        "map": 0.018292722324719738,
        "P_10": 0.7
    },
    "23": {
        "map": 0.004556818317635454,
        "P_10": 0.2
    },
    "24": {
        "map": 0.029336753606317104,
        "P_10": 0.7
    },
    "25": {
        "map": 0.00028852850462640536,
        "P_10": 0.0
    },
    "26": {
        "map": 0.018906400260610863,
        "P_10": 0.9
    },
    "27": {
        "map": 0.001998331979895968,
        "P_10": 0.2
    },
    "28": {
        "map": 0.00036646656428870585,
        "P_10": 0.1
    },
    "29": {
        "map": 0.024463449410389717,
        "P_10": 0.8
    },
    "30": {
        "map": 0.06100717140711849,
        "P_10": 1.0
    },
    "31": {
        "map": 0.0030544486989246195,
        "P_10": 0.1
    },
    "32": {
        "map": 0.006486176846217414,
        "P_10": 0.2
    },
    "33": {
        "map": 0.0361436562322774,
        "P_10": 0.6
    },
    "34": {
        "map": 0.0126453488372093,
        "P_10": 0.4
    },
    "35": {
        "map": 0.004306829765545362,
        "P_10": 0.2
    },
    "36": {
        "map": 0.01071348684745139,
        "P_10": 0.4
    },
    "37": {
        "map": 0.006044192735369207,
        "P_10": 0.3
    },
    "38": {
        "map": 0.0009355506288876794,
        "P_10": 0.1
    },
    "39": {
        "map": 0.033682170542635656,
        "P_10": 1.0
    },
    "40": {
        "map": 0.016779611728445703,
        "P_10": 0.6
    },
    "41": {
        "map": 0.00046700352166590103,
        "P_10": 0.0
    },
    "42": {
        "map": 0.07214565951324142,
        "P_10": 0.8
    },
    "43": {
        "map": 0.019148001756697407,
        "P_10": 0.4
    },
    "44": {
        "map": 0.01700222820058089,
        "P_10": 0.5
    },
    "45": {
        "map": 0.014307536274037514,
        "P_10": 0.7
    },
    "46": {
        "map": 0.05782792697646354,
        "P_10": 0.6
    },
    "47": {
        "map": 0.0,
        "P_10": 0.0
    },
    "48": {
        "map": 0.0369779271606483,
        "P_10": 0.8
    },
    "49": {
        "map": 0.0017544772108666633,
        "P_10": 0.0
    },
    "50": {
        "map": 0.0002516989680342311,
        "P_10": 0.0
    }
}