{
    "map": 0.02076097122404217,
    "P_5": 0.6400000000000001,
    "P_10": 0.5759999999999998,
    "P_15": 0.5466666666666667,
    "P_20": 0.5339999999999999
}