{
    "map": 0.02852086390809521,
    "P_5": 0.596,
    "P_10": 0.588,
    "P_15": 0.552,
    "P_20": 0.5379999999999999
}