{
    "1": {
        "map": 0.0022426553038797934,
        "P_5": 0.4,
        "P_10": 0.2,
        "P_15": 0.13333333333333333,
        "P_20": 0.15,
        "P_30": 0.1,
        "P_100": 0.04,
        "P_200": 0.02,
        "P_500": 0.008,
        "P_1000": 0.004
    },
    "2": {
        "map": 0.004476521355502247,
        "P_5": 0.2,
        "P_10": 0.2,
        "P_15": 0.13333333333333333,
        "P_20": 0.15,
        "P_30": 0.16666666666666666,
        "P_100": 0.06,
        "P_200": 0.03,
        "P_500": 0.012,
        "P_1000": 0.006
    },
    "3": {
        "map": 0.009406926376141071,
        "P_5": 0.2,
        "P_10": 0.3,
        "P_15": 0.26666666666666666,
        "P_20": 0.3,
        "P_30": 0.36666666666666664,
        "P_100": 0.18,
        "P_200": 0.09,
        "P_500": 0.036,
        "P_1000": 0.018
    },
    "4": {
        "map": 0.001750832658205059,
        "P_5": 0.4,
        "P_10": 0.2,
        "P_15": 0.13333333333333333,
        "P_20": 0.1,
        "P_30": 0.13333333333333333,
        "P_100": 0.04,
        "P_200": 0.02,
        "P_500": 0.008,
        "P_1000": 0.004
    },
    "5": {
        "map": 0.012900053496341603,
        "P_5": 0.4,
        "P_10": 0.5,
        "P_15": 0.4,
        "P_20": 0.5,
        "P_30": 0.5,
        "P_100": 0.17,
        "P_200": 0.085,
        "P_500": 0.034,
        "P_1000": 0.017
    },
    "6": {
        "map": 0.005102964767543834,
        "P_5": 0.4,
        "P_10": 0.3,
        "P_15": 0.2,
        "P_20": 0.15,
        "P_30": 0.2,
        "P_100": 0.16,
        "P_200": 0.08,
        "P_500": 0.032,
        "P_1000": 0.016
    },
    "7": {
        "map": 0.049980717653484136,
        "P_5": 0.6,
        "P_10": 0.8,
        "P_15": 0.7333333333333333,
        "P_20": 0.65,
        "P_30": 0.6333333333333333,
        "P_100": 0.34,
        "P_200": 0.17,
        "P_500": 0.068,
        "P_1000": 0.034
    },
    "8": {
        "map": 0.021068209837958568,
        "P_5": 0.8,
        "P_10": 0.5,
        "P_15": 0.6,
        "P_20": 0.55,
        "P_30": 0.5,
        "P_100": 0.21,
        "P_200": 0.105,
        "P_500": 0.042,
        "P_1000": 0.021
    },
    "9": {
        "map": 0.028393746803805305,
        "P_5": 0.4,
        "P_10": 0.4,
        "P_15": 0.3333333333333333,
        "P_20": 0.35,
        "P_30": 0.36666666666666664,
        "P_100": 0.14,
        "P_200": 0.07,
        "P_500": 0.028,
        "P_1000": 0.014
    },
    "10": {
        "map": 0.07708310890353454,
        "P_5": 1.0,
        "P_10": 1.0,
        "P_15": 1.0,
        "P_20": 0.9,
        "P_30": 0.8666666666666667,
        "P_100": 0.4,
        "P_200": 0.2,
        "P_500": 0.08,
        "P_1000": 0.04
    },
    "11": {
        "map": 0.009883970030326997,
        "P_5": 0.2,
        "P_10": 0.4,
        "P_15": 0.26666666666666666,
        "P_20": 0.2,
        "P_30": 0.3,
        "P_100": 0.12,
        "P_200": 0.06,
        "P_500": 0.024,
        "P_1000": 0.012
    },
    "12": {
        "map": 0.005185929801038883,
        "P_5": 0.0,
        "P_10": 0.2,
        "P_15": 0.3333333333333333,
        "P_20": 0.3,
        "P_30": 0.2,
        "P_100": 0.13,
        "P_200": 0.065,
        "P_500": 0.026,
        "P_1000": 0.013
    },
    "13": {
        "map": 0.013529224399710276,
        "P_5": 0.4,
        "P_10": 0.6,
        "P_15": 0.4,
        "P_20": 0.5,
        "P_30": 0.5333333333333333,
        "P_100": 0.23,
        "P_200": 0.115,
        "P_500": 0.046,
        "P_1000": 0.023
    },
    "14": {
        "map": 0.10050185888328907,
        "P_5": 0.6,
        "P_10": 0.8,
        "P_15": 0.8,
        "P_20": 0.8,
        "P_30": 0.7666666666666667,
        "P_100": 0.33,
        "P_200": 0.165,
        "P_500": 0.066,
        "P_1000": 0.033
    },
    "15": {
        "map": 0.002887337762453396,
        "P_5": 0.2,
        "P_10": 0.1,
        "P_15": 0.06666666666666667,
        "P_20": 0.05,
        "P_30": 0.1,
        "P_100": 0.03,
        "P_200": 0.015,
        "P_500": 0.006,
        "P_1000": 0.003
    },
    "16": {
        "map": 0.011061146720061449,
        "P_5": 0.4,
        "P_10": 0.4,
        "P_15": 0.3333333333333333,
        "P_20": 0.25,
        "P_30": 0.23333333333333334,
        "P_100": 0.08,
        "P_200": 0.04,
        "P_500": 0.016,
        "P_1000": 0.008
    },
    "17": {
        "map": 0.01422958159161456,
        "P_5": 0.2,
        "P_10": 0.5,
        "P_15": 0.4,
        "P_20": 0.5,
        "P_30": 0.5,
        "P_100": 0.2,
        "P_200": 0.1,
        "P_500": 0.04,
        "P_1000": 0.02
    },
    "18": {
        "map": 0.04712561510167811,
        "P_5": 0.8,
        "P_10": 0.6,
        "P_15": 0.7333333333333333,
        "P_20": 0.7,
        "P_30": 0.7666666666666667,
        "P_100": 0.39,
        "P_200": 0.195,
        "P_500": 0.078,
        "P_1000": 0.039
    },
    "19": {
        "map": 0.11108626842815253,
        "P_5": 0.8,
        "P_10": 0.7,
        "P_15": 0.6,
        "P_20": 0.65,
        "P_30": 0.5,
        "P_100": 0.17,
        "P_200": 0.085,
        "P_500": 0.034,
        "P_1000": 0.017
    },
    "20": {
        "map": 0.054853221831385794,
        "P_5": 1.0,
        "P_10": 1.0,
        "P_15": 1.0,
        "P_20": 0.95,
        "P_30": 0.9,
        "P_100": 0.41,
        "P_200": 0.205,
        "P_500": 0.082,
        "P_1000": 0.041
    },
    "21": {
        "map": 0.016945646069128798,
        "P_5": 0.6,
        "P_10": 0.6,
        "P_15": 0.5333333333333333,
        "P_20": 0.45,
        "P_30": 0.43333333333333335,
        "P_100": 0.19,
        "P_200": 0.095,
        "P_500": 0.038,
        "P_1000": 0.019
    },
    "22": {
        "map": 0.045832601453883036,
        "P_5": 0.8,
        "P_10": 0.7,
        "P_15": 0.7333333333333333,
        "P_20": 0.7,
        "P_30": 0.7,
        "P_100": 0.34,
        "P_200": 0.17,
        "P_500": 0.068,
        "P_1000": 0.034
    },
    "23": {
        "map": 0.03171239386143806,
        "P_5": 0.8,
        "P_10": 0.7,
        "P_15": 0.5333333333333333,
        "P_20": 0.5,
        "P_30": 0.4666666666666667,
        "P_100": 0.19,
        "P_200": 0.095,
        "P_500": 0.038,
        "P_1000": 0.019
    },
    "24": {
        "map": 0.09309213873829225,
        "P_5": 1.0,
        "P_10": 1.0,
        "P_15": 1.0,
        "P_20": 0.95,
        "P_30": 0.9333333333333333,
        "P_100": 0.4,
        "P_200": 0.2,
        "P_500": 0.08,
        "P_1000": 0.04
    },
    "25": {
        "map": 0.017681088233773835,
        "P_5": 1.0,
        "P_10": 0.5,
        "P_15": 0.3333333333333333,
        "P_20": 0.35,
        "P_30": 0.3333333333333333,
        "P_100": 0.17,
        "P_200": 0.085,
        "P_500": 0.034,
        "P_1000": 0.017
    },
    "26": {
        "map": 0.015882407889056472,
        "P_5": 0.8,
        "P_10": 0.5,
        "P_15": 0.3333333333333333,
        "P_20": 0.3,
        "P_30": 0.4666666666666667,
        "P_100": 0.23,
        "P_200": 0.115,
        "P_500": 0.046,
        "P_1000": 0.023
    },
    "27": {
        "map": 0.007372003056682285,
        "P_5": 0.0,
        "P_10": 0.3,
        "P_15": 0.3333333333333333,
        "P_20": 0.3,
        "P_30": 0.3,
        "P_100": 0.19,
        "P_200": 0.095,
        "P_500": 0.038,
        "P_1000": 0.019
    },
    "28": {
        "map": 0.06341556181163008,
        "P_5": 0.8,
        "P_10": 0.7,
        "P_15": 0.8,
        "P_20": 0.85,
        "P_30": 0.8333333333333334,
        "P_100": 0.42,
        "P_200": 0.21,
        "P_500": 0.084,
        "P_1000": 0.042
    },
    "29": {
        "map": 0.045258882670877035,
        "P_5": 1.0,
        "P_10": 0.7,
        "P_15": 0.7333333333333333,
        "P_20": 0.75,
        "P_30": 0.7666666666666667,
        "P_100": 0.35,
        "P_200": 0.175,
        "P_500": 0.07,
        "P_1000": 0.035
    },
    "30": {
        "map": 0.12021667260063132,
        "P_5": 1.0,
        "P_10": 1.0,