{
    "1": {
        "map": 0.002093144950287807,
        "P_5": 0.4,
        "P_10": 0.2,
        "P_15": 0.13333333333333333,
        "P_20": 0.15,
        "P_30": 0.1,
        "P_100": 0.03,
        "P_200": 0.015,
        "P_500": 0.006,
        "P_1000": 0.003
    },
    "2": {
        "map": 0.0038974825599029416,
        "P_5": 0.2,
        "P_10": 0.2,
        "P_15": 0.13333333333333333,
        "P_20": 0.15,
        "P_30": 0.16666666666666666,
        "P_100": 0.05,
        "P_200": 0.025,
        "P_500": 0.01,
        "P_1000": 0.005
    },
    "3": {
        "map": 0.005412874659019479,
        "P_5": 0.2,
        "P_10": 0.3,
        "P_15": 0.26666666666666666,
        "P_20": 0.3,
        "P_30": 0.36666666666666664,
        "P_100": 0.11,
        "P_200": 0.055,
        "P_500": 0.022,
        "P_1000": 0.011
    },
    "4": {
        "map": 0.001750832658205059,
        "P_5": 0.4,
        "P_10": 0.2,
        "P_15": 0.13333333333333333,
        "P_20": 0.1,
        "P_30": 0.13333333333333333,
        "P_100": 0.04,
        "P_200": 0.02,
        "P_500": 0.008,
        "P_1000": 0.004
    },
    "5": {
        "map": 0.011705914113560386,
        "P_5": 0.4,
        "P_10": 0.5,
        "P_15": 0.4,
        "P_20": 0.5,
        "P_30": 0.5,
        "P_100": 0.15,
        "P_200": 0.075,
        "P_500": 0.03,
        "P_1000": 0.015
    },
    "6": {
        "map": 0.0022060268093273484,
        "P_5": 0.4,
        "P_10": 0.3,
        "P_15": 0.2,
        "P_20": 0.15,
        "P_30": 0.2,
        "P_100": 0.06,
        "P_200": 0.03,
        "P_500": 0.012,
        "P_1000": 0.006
    },
    "7": {
        "map": 0.02920168667900065,
        "P_5": 0.6,
        "P_10": 0.8,
        "P_15": 0.7333333333333333,
        "P_20": 0.65,
        "P_30": 0.6333333333333333,
        "P_100": 0.19,
        "P_200": 0.095,
        "P_500": 0.038,
        "P_1000": 0.019
    },
    "8": {
        "map": 0.01630032487386642,
        "P_5": 0.8,
        "P_10": 0.5,
        "P_15": 0.6,
        "P_20": 0.55,
        "P_30": 0.5,
        "P_100": 0.15,
        "P_200": 0.075,
        "P_500": 0.03,
        "P_1000": 0.015
    },
    "9": {
        "map": 0.023214112080758215,
        "P_5": 0.4,
        "P_10": 0.4,
        "P_15": 0.3333333333333333,
        "P_20": 0.35,
        "P_30": 0.36666666666666664,
        "P_100": 0.11,
        "P_200": 0.055,
        "P_500": 0.022,
        "P_1000": 0.011
    },
    "10": {
        "map": 0.0528744747664025,
        "P_5": 1.0,
        "P_10": 1.0,
        "P_15": 1.0,
        "P_20": 0.9,
        "P_30": 0.8666666666666667,
        "P_100": 0.26,
        "P_200": 0.13,
        "P_500": 0.052,
        "P_1000": 0.026
    },
    "11": {
        "map": 0.00806634876897336,
        "P_5": 0.2,
        "P_10": 0.4,
        "P_15": 0.26666666666666666,
        "P_20": 0.2,
        "P_30": 0.3,
        "P_100": 0.09,
        "P_200": 0.045,
        "P_500": 0.018,
        "P_1000": 0.009
    },
    "12": {
        "map": 0.002502817775374167,
        "P_5": 0.0,
        "P_10": 0.2,
        "P_15": 0.3333333333333333,
        "P_20": 0.3,
        "P_30": 0.2,
        "P_100": 0.06,
        "P_200": 0.03,
        "P_500": 0.012,
        "P_1000": 0.006
    },
    "13": {
        "map": 0.009148473399168135,
        "P_5": 0.4,
        "P_10": 0.6,
        "P_15": 0.4,
        "P_20": 0.5,
        "P_30": 0.5333333333333333,
        "P_100": 0.16,
        "P_200": 0.08,
        "P_500": 0.032,
        "P_1000": 0.016
    },
    "14": {
        "map": 0.07303131253529534,
        "P_5": 0.6,
        "P_10": 0.8,
        "P_15": 0.8,
        "P_20": 0.8,
        "P_30": 0.7666666666666667,
        "P_100": 0.23,
        "P_200": 0.115,
        "P_500": 0.046,
        "P_1000": 0.023
    },
    "15": {
        "map": 0.002887337762453396,
        "P_5": 0.2,
        "P_10": 0.1,
        "P_15": 0.06666666666666667,
        "P_20": 0.05,
        "P_30": 0.1,
        "P_100": 0.03,
        "P_200": 0.015,
        "P_500": 0.006,
        "P_1000": 0.003
    },
    "16": {
        "map": 0.010486929091580253,
        "P_5": 0.4,
        "P_10": 0.4,
        "P_15": 0.3333333333333333,
        "P_20": 0.25,
        "P_30": 0.23333333333333334,
        "P_100": 0.07,
        "P_200": 0.035,
        "P_500": 0.014,
        "P_1000": 0.007
    },
    "17": {
        "map": 0.01112633868756853,
        "P_5": 0.2,
        "P_10": 0.5,
        "P_15": 0.4,
        "P_20": 0.5,
        "P_30": 0.5,
        "P_100": 0.15,
        "P_200": 0.075,
        "P_500": 0.03,
        "P_1000": 0.015
    },
    "18": {
        "map": 0.027444473145688847,
        "P_5": 0.8,
        "P_10": 0.6,
        "P_15": 0.7333333333333333,
        "P_20": 0.7,
        "P_30": 0.7666666666666667,
        "P_100": 0.23,
        "P_200": 0.115,
        "P_500": 0.046,
        "P_1000": 0.023
    },
    "19": {
        "map": 0.10372116022270819,
        "P_5": 0.8,
        "P_10": 0.7,
        "P_15": 0.6,
        "P_20": 0.65,
        "P_30": 0.5,
        "P_100": 0.15,
        "P_200": 0.075,
        "P_500": 0.03,
        "P_1000": 0.015
    },
    "20": {
        "map": 0.03772974192861471,
        "P_5": 1.0,
        "P_10": 1.0,
        "P_15": 1.0,
        "P_20": 0.95,
        "P_30": 0.9,
        "P_100": 0.27,
        "P_200": 0.135,
        "P_500": 0.054,
        "P_1000": 0.027
    },
    "21": {
        "map": 0.012676906383722446,
        "P_5": 0.6,
        "P_10": 0.6,
        "P_15": 0.5333333333333333,
        "P_20": 0.45,
        "P_30": 0.43333333333333335,
        "P_100": 0.13,
        "P_200": 0.065,
        "P_500": 0.026,
        "P_1000": 0.013
    },
    "22": {
        "map": 0.029794564690717132,
        "P_5": 0.8,
        "P_10": 0.7,
        "P_15": 0.7333333333333333,
        "P_20": 0.7,
        "P_30": 0.7,
        "P_100": 0.21,
        "P_200": 0.105,
        "P_500": 0.042,
        "P_1000": 0.021
    },
    "23": {
        "map": 0.026114357966320244,
        "P_5": 0.8,
        "P_10": 0.7,
        "P_15": 0.5333333333333333,
        "P_20": 0.5,
        "P_30": 0.4666666666666667,
        "P_100": 0.14,
        "P_200": 0.07,
        "P_500": 0.028,
        "P_1000": 0.014
    },
    "24": {
        "map": 0.06790501882832832,
        "P_5": 1.0,
        "P_10": 1.0,
        "P_15": 1.0,
        "P_20": 0.95,
        "P_30": 0.9333333333333333,
        "P_100": 0.28,
        "P_200": 0.14,
        "P_500": 0.056,
        "P_1000": 0.028
    },
    "25": {
        "map": 0.012597933534776326,
        "P_5": 1.0,
        "P_10": 0.5,
        "P_15": 0.3333333333333333,
        "P_20": 0.35,
        "P_30": 0.3333333333333333,
        "P_100": 0.1,
        "P_200": 0.05,
        "P_500": 0.02,
        "P_1000": 0.01
    },
    "26": {
        "map": 0.01048948239862744,
        "P_5": 0.8,
        "P_10": 0.5,
        "P_15": 0.3333333333333333,
        "P_20": 0.3,
        "P_30": 0.4666666666666667,
        "P_100": 0.14,
        "P_200": 0.07,
        "P_500": 0.028,
        "P_1000": 0.014
    },
    "27": {
        "map": 0.0032294390029833273,
        "P_5": 0.0,
        "P_10": 0.3,
        "P_15": 0.3333333333333333,
        "P_20": 0.3,
        "P_30": 0.3,
        "P_100": 0.09,
        "P_200": 0.045,
        "P_500": 0.018,
        "P_1000": 0.009
    },
    "28": {
        "map": 0.03698853699053022,
        "P_5": 0.8,
        "P_10": 0.7,
        "P_15": 0.8,
        "P_20": 0.85,
        "P_30": 0.8333333333333334,
        "P_100": 0.25,
        "P_200": 0.125,
        "P_500": 0.05,
        "P_1000": 0.025
    },
    "29": {
        "map": 0.030957624214069078,
        "P_5": 1.0,
        "P_10": 0.7,
        "P_15": 0.7333333333333333,
        "P_20": 0.75,
        "P_30": 0.7666666666666667,
        "P_100": 0.23,
        "P_200": 0.115,
        "P_500": 0.046,
        "P_1000": 0.023
    },
    "30": {
        "map": 0.08108108108108109,
        "P_5": 1.0,